Name,SMILES,BSEP ACTIVITY,,,,,,,
50243561,CC[C@H]1C(=O)N(C)[C@H](C)C(=O)N(CC)[C@@H](C(C)C)C(=O)N[C@@H](C(C)C)C(=O)N(C)[C@@H](CC(C)C)C(=O)N[C@@H](C)C(=O)N[C@H](C)C(=O)N(C)[C@@H](CC(C)C)C(=O)N(C)[C@@H](CC(C)C)C(=O)N(C)[C@@H](C(C)C)C(=O)N(C)[C@@H]([C@@H]([C@@H](C\C=C\C)C)O)C(=O)N1,1,,,,,,BSEP ACTIVITY,
317676,CCC1C(=O)N(C)C(C)C(=O)N(CC)C(C(C)C)C(=O)NC(C(C)C)C(=O)N(C)C(CC(C)C)C(=O)NC(C)C(=O)NC(C)C(=O)N(C)C(CC(C)C)C(=O)N(C)C(CC(C)C)C(=O)N(C)C(C(C)C)C(=O)N(C)C(C(C(C\C=C\C)C)O)C(=O)N1,1,,,,,,1,Inhibitor
51350482,CCc1cnc(CCOc2ccc(CC3C(=O)NC(=O)S3)cc2)cc1,1,,,,,,0,Non-inhibitor
51098617,COc1cc(c2cnc(C3Oc(c4CC3)cc([C@H](C5CC5)[C@@H](C(=O)O)C)cc4)cc2)c(F)cc1,1,,,,,,,
50739681,CC[C@H]1C(=O)N(C)CC(=O)N(C)[C@@H](CC(C)C)C(=O)N[C@@H](C(C)C)C(=O)N(C)[C@@H](CC(C)C)C(=O)N[C@@H](C)C(=O)N[C@H](C)C(=O)N(C)[C@@H](CC(C)C)C(=O)N(C)[C@@H](CC(C)C)C(=O)N(C)[C@@H](C(C)C)C(=O)N(C)[C@@H]([C@@H]([C@@H](C\C=C\C)C)O)C(=O)N1,1,,,,,,,
317675,CCC1C(=O)N(C)CC(=O)N(C)C(CC(C)C)C(=O)NC(C(C)C)C(=O)N(C)C(CC(C)C)C(=O)NC(C)C(=O)NC(C)C(=O)N(C)C(CC(C)C)C(=O)N(C)C(CC(C)C)C(=O)N(C)C(C(C)C)C(=O)N(C)C(C(C(C\C=C\C)C)O)C(=O)N1,1,,,,,,,
51098655,COc1cc(c2ccc(C3Oc(c4CC3)cc([C@H](C5CC5)[C@@H](C(=O)O)C)cc4)cc2)c(F)cc1,1,,,,,,,
50774880,CC(C[C@@H](C(N[C@H](C(N1[C@H](C(N[C@@H](C(=O)N)C)=O)CCC1)=O)CCCNC(=N)N)=O)NC([C@H](NC([C@@H](NC([C@@H](NC([C@H](NC([C@H](NC([C@H](NC(=O)C)Cc2cc(c3cc2)cccc3)=O)Cc4ccc(Cl)cc4)=O)Cc5cnccc5)=O)CO)=O)Cc6ccc(O)cc6)=O)CCCNC(=O)N)=O)C,1,,,,,Table S1. BSEP data of 925 compounds with SMILES and activity annotation,,
50739699,COc1c(C(NCCc2ccc(S(NC(NC3CCCCC3)=O)(=O)=O)cc2)=O)cc(Cl)cc1,1,,,,,,,
50774875,CC([C@H]1C(=O)O[C@H](C(C)C)C(=O)N[C@H](C(C)C)C(=O)O[C@@H](C)C(=O)N[C@@H](C(C)C)C(=O)O[C@H](C(C)C)C(=O)N[C@H](C(C)C)C(=O)O[C@@H](C)C(=O)N[C@@H](C(C)C)C(=O)O[C@H](C(C)C)C(=O)N[C@H](C(C)C)C(=O)O[C@@H](C)C(=O)N1)C,1,,,,,,,
50243562,CC[C@H]1C(=O)N(C)[C@H](C)C(=O)N(C)[C@@H]([C@H](CN2CCN(CCOC)CC2)C)C(=O)N[C@@H](C(C)C)C(=O)N(C)[C@@H](CC(C)C)C(=O)N[C@@H](C)C(=O)N[C@H](C)C(=O)N(C)[C@@H](CC(C)C)C(=O)N(C)[C@@H](CC(C)C)C(=O)N(C)[C@@H](C(C)C)C(=O)N(C)[C@@H]([C@@H]([C@@H](C\C=C\C)C)O)C(=O)N1,1,,,,,,,
50774871,CC([C@@H](C(N[C@@H](Cc1ccccc1)C[C@@H]([C@@H](NC(OCc2scnc2)=O)Cc3ccccc3)O)=O)NC(N(Cc4nc(C(C)C)sc4)C)=O)C,1,,,,,,,
50774881,CO[C@H]1[C@H](OCCO)CC[C@@H](C[C@H]([C@H]2OC(=O)[C@@H](N3C(=O)C(=O)[C@@](O[C@@H]4C[C@H](OC)\C(\C)=C\C=C\C=C\[C@@H](C)C[C@@H](C)C(=O)[C@H](OC)[C@H](O)\C(\C)=C\[C@@H](C)C(=O)C2)(O)[C@H](C)CC4)CCCC3)C)C1,1,,,,,,,
50777322,CC#C[C@]1([C@](C)([C@H]2CC1)C[C@H](c3ccc(N(C)C)cc3)C([C@H]24)=C(C(=C5)CC4)CCC5=O)O,1,,,,,,,
50774898,CO[C@H]1[C@H](OC(C(CO)(CO)C)=O)CC[C@@H](C[C@H]([C@H]2OC(=O)[C@@H](N3C(=O)C(=O)[C@@](O[C@@H]4C[C@H](OC)\C(\C)=C\C=C\C=C\[C@@H](C)C[C@@H](C)C(=O)[C@H](OC)[C@H](O)\C(\C)=C\[C@@H](C)C(=O)C2)(O)[C@H](C)CC4)CCCC3)C)C1,1,,,,,,,
50375461,Cc1c(O)c(C)c(c2c1C)CCC(COc3ccc(CC4C(=O)NC(=O)S4)cc3)(C)O2,1,,,,,,,
50774978,CN(c1ncccc1)CCOc2ccc(CC3C(=O)NC(=O)S3)cc2,1,,,,,,,
50375441,CC(N1CCN(c2ccc(OC[C@@H]3O[C@](c4c(Cl)cc(Cl)cc4)(Cn5cncc5)OC3)cc2)CC1)=O,1,,,,,,,
50739693,CC(NC([C@H]1N(C[C@H]([C@@H](NC([C@@H](NC(c2nc(c3cc2)cccc3)=O)CC(=O)N)=O)Cc4ccccc4)O)C[C@H]([C@@H]5C1)CCCC5)=O)(C)C,1,,,,,,,
50774981,O=C(c1ccc(OCCCCc2ccccc2)cc1)Nc3c4c(C(=O)C=C(c5[nH]nnn5)O4)ccc3,1,,,,,,,
50774797,Cc1c(O)c(C)c(c2c1C)CCC(COc3ccc(CC4=C(O)NC(=O)S4)cc3)(C)O2,1,,,,,,,
51098641,COc1ncc(F)c(c2cnc(C3Oc(c4CC3)cc([C@H](C5CC5)[C@@H](C(=O)O)C)cc4)cc2)c1,1,,,,,,,
50739573,CC(N1CCN(c2ccc(OCC3OC(c4c(Cl)cc(Cl)cc4)(Cn5cncc5)OC3)cc2)CC1)=O,1,,,,,,,
50739565,CN(C(CCSC(c1cc(\C=C\c2nc(c3cc2)cc(Cl)cc3)ccc1)SCCC(=O)O)=O)C,1,,,,,,,
51098607,COc1nccc(c2cc(F)c([C@H]3Oc(c4CC3)cc([C@H](C5CC5)[C@@H](C(=O)O)C)cc4)cc2)c1,1,,,,,,,
50739346,CC[C@@H]1[C@](C)([C@H]2[C@@H](C)C(=O)[C@H](C)C[C@](OC)(C)[C@H](O[C@H]3[C@H](O)[C@@H](N(C)C)C[C@@H](C)O3)[C@@H](C)C(=O)[C@@H](C)C(=O)O1)OC(=O)N2CCCCn4cc(c5cnccc5)nc4,1,,,,,,,
50774792,OCCN(c1nc(c2c(N3CCCCC3)n1)c(N4CCCCC4)nc(N(CCO)CCO)n2)CCO,1,,,,,,,
50501849,COc1c(c2cc([C@H](c3cc(CN4S(=O)(=O)c(c5O[C@H](C)C4)cccc5)c(C)cc3)CC(=O)O)c1)n(C)nn2,1,,,,,,,
50375468,CC[C@@H]1[C@](O)(C)[C@H](O)[C@@H](C)C(=O)[C@H](C)C[C@](O)(C)[C@H](O[C@H]2[C@H](OC(CC)=O)[C@@H](N(C)C)C[C@@H](C)O2)[C@@H](C)[C@H](O[C@@H]3O[C@@H](C)[C@H](O)[C@@](OC)(C)C3)[C@@H](C)C(=O)O1,1,,,,,,,
50375447,CCC(N(CCOc1ccccc1)C(=O)N2CCCN3CCN(c4cc(Cl)ccc4)CC3)=N2,1,,,,,,,
50777132,CCCc1n(Cc2ccc(c3c(c4[nH]nnn4)cccc3)cc2)c(C(OCC5=C(C)OC(=O)O5)=O)c(C(O)(C)C)n1,1,,,,,,,
50375454,CO[C@H]([C@@H](C)[C@@H](OC(=O)C)[C@H](C)[C@H](O)[C@H](C)[C@@H](O)[C@@H](C)\C=C\C=C(\C)/C(=O)Nc(c(c1c2c(C(=O)[C@]34C)c(c(C)c1O)O3)O)cc2O)\C=C\O4,1,,,,,,,
50774810,CS(CCNCc1oc(c2cc(c3cc2)c(Nc4cc(Cl)c(OCc5cc(F)ccc5)cc4)ncn3)cc1)(=O)=O,1,,,,,,,
51259435,CN(C(C=C)=O)CCOc1c(c2c(C)c(NC(c3c(F)cc(C4CC4)cc3)=O)cc(F)c2)ncnc1N,1,,,,,,,
50497642,COCCOCc1cc(c2nc(c3cc2)ccc(c34)sc(c45)C(=O)N[C@H](C)CN5)ccc1,1,,,,,,,
50497637,C[C@H]1NC(=O)c2c(c(c3s2)c(c4cc3)ccc(c5cnc(C)cc5)n4)NC1,1,,,,,,,
50775625,CO[C@H]1[C@H](O)CC[C@@H](\C=C(\[C@@H]2[C@H](C)[C@@H](O)CC(=O)[C@H](CC=C)\C=C(/C)\C[C@H](C)C[C@H](OC)[C@H]3O[C@@]([C@H](C)C[C@@H]3OC)(O)C(=O)C(=O)N([C@@H]4C(=O)O2)CCCC4)/C)C1,1,,,,,,,
51026635,CC(C1C(=O)OC(C(C)C)C(=O)NC(C(C)C)C(=O)OC(C)C(=O)NC(C(C)C)C(=O)OC(C(C)C)C(=O)NC(C(C)C)C(=O)OC(C)C(=O)NC(C(C)C)C(=O)OC(C(C)C)C(=O)NC(C(C)C)C(=O)OC(C)C(=O)N1)C,1,,,,,,,
51350492,CCCCC(N(Cc1ccc(c2c(c3[nH]nnn3)cccc2)cc1)C(=O)C45CCCC4)=N5,1,,,,,,,
50777242,CN1S(=O)(=O)c(c2C(O)=C1C(Nc3ncccc3)=O)cc(Cl)s2,1,,,,,,,
50775642,COC(C(C(c1cc([N+](=O)[O-])ccc1)C(C(OCCN(Cc2ccccc2)C)=O)=C(C)N3)=C3C)=O,1,,,,,,,
50775218,CN1C(=O)N(c2ccc(C(C#N)(C)C)cc2)c(c13)c(c4nc3)cc(c5cc(c6nc5)cccc6)cc4,1,,,,,,,
50739636,CNC(c1nccc(Oc2ccc(NC(Nc3cc(C(F)(F)F)c(Cl)cc3)=O)cc2)c1)=O,1,,,,,,,
50775220,COc1c(OC)cc(c2c1)[C@@H]([C@H]3CO2)C(=O)c(c4O3)ccc(c45)O[C@@H](C(=C)C)C5,1,,,,,,,
50774824,CC[C@H](N1C(=O)N(c2ccc(N3CCN(c4ccc(OC[C@H]5C[C@@](c6c(F)cc(F)cc6)(Cn7ncnc7)OC5)cc4)CC3)cc2)C=N1)[C@@H](O)C,1,,,,,,,
50775605,CO[C@@H]1[C@@H](C(OC)=O)[C@H]([C@@H]2C[C@H]1OC(c3cc(OC)c(OC)c(OC)c3)=O)C[C@@H](N4C2)c5c(c(c6[nH]5)ccc(OC)c6)CC4,1,,,,,,,
50375363,CCC(O[C@@]1(C(CCl)=O)[C@](C)([C@H]2C[C@@H]1C)C[C@H](O)[C@@](F)([C@H]23)[C@](C)(C(=C4)CC3)C=CC4=O)=O,1,,,,,,,
51350495,CCCCc1n(Cc2ccc(c3c(c4[nH]nnn4)cccc3)cc2)c(CO)c(Cl)n1,1,,,,,,,
50777112,CCCCc1n(Cc2ccc(c3c(c4n[nH]nn4)cccc3)cc2)c(CO)c(Cl)n1,1,,,,,,,
50754509,CCCN(C(Cc1n(c2nc1c3ccc(Cl)cc3)cc(Cl)cc2)=O)CCC,1,,,,,,,
50739704,C[C@H]1[C@@](C(CCl)=O)(O)[C@](C)([C@H]2C1)C[C@H](O)[C@@](Cl)([C@H]23)[C@](C)(C(=C4)CC3)C=CC4=O,1,,,,,,,
50774827,C[C@H]([C@H](NC([C@H]1NC(=O)[C@H]([C@H](O)C)NC(=O)[C@H](CCCCN)NC(=O)[C@@H](Cc2c(c3[nH]c2)cccc3)NC(=O)[C@H](Cc4ccccc4)NC(=O)[C@@H](NC([C@@H](Cc5ccccc5)N)=O)CSSC1)=O)CO)O,1,,,,,,,
50775223,Clc1c(C2S\C(=C(\n3cncc3)/C#N)\SC2)cccc1,1,,,,,,,
50774811,CO[C@H]([C@@H](C)[C@@H](OC(=O)C)[C@H](C)[C@H](O)[C@H](C)[C@@H](O)[C@@H](C)\C=C\C=C(\C)/C(=O)Nc(c(c1c2c(C(=O)[C@]34C)c(c(C)c1O)O3)O)c(\C=N\N5CCN(C6CCCC6)CC5)c2O)\C=C\O4,1,,,,,,,
50774965,Cc1c(C(Nc2cc(C)c(C(N3c(c4C(O)CCC3)ccc(Cl)c4)=O)cc2)=O)cccc1,1,,,,,,,
50775610,CC[C@@H](C(=O)C[C@H](O)[C@@H](C)[C@@H](\C(=C\[C@H]1C[C@@H](OC)[C@@H](Cl)CC1)\C)OC(=O)[C@@H](N2C(=O)C(=O)[C@]3(O)O[C@@H]([C@@H](OC)C[C@H]3C)[C@@H](OC)C[C@H]4C)CCCC2)\C=C(\C4)/C,1,,,,,,,
50739215,C[C@H]1[C@H]2[C@]([C@H]3[C@]([C@](C)([C@H](\C(=C(\C(=O)O)/CCC=C(C)C)\[C@H]4OC(=O)C)C[C@H]3O)C4)(C)CC2)(C)CC[C@H]1O,1,,,,,,,
50739768,COCCOC(C(C(c1cc([N+](=O)[O-])ccc1)C(C(OC(C)C)=O)=C(C)N2)=C2C)=O,1,,,,,,,
50739211,CN(c1nc(Nc2cc(S(=O)(=O)C)c(C)cc2)ncc1)c3cc(c4cc3)nn(C)c4C,1,,,,,,,
50774868,CN(c1nc(Nc2cc(S(=O)(=O)N)c(C)cc2)ncc1)c3cc(c4cc3)nn(C)c4C,1,,,,,,,
50739717,C[C@@H]1[C@@](C(CO)=O)(O)[C@](C)([C@H]2C1)C[C@H](O)[C@@](Cl)([C@H]23)[C@](C)(C(=C4)CC3)C=CC4=O,1,,,,,,,
50739718,C[C@@H]([C@@H]1[C@](C)([C@H]2CC1)CC[C@@H]([C@H]23)[C@](C)([C@@H]4C[C@H]3O)CC[C@@H](O)C4)CCC(=O)O,1,,,,,,,
50739210,COc1c(OCCCN2CCOCC2)cc(c3c1)c(Nc4cc(Cl)c(F)cc4)ncn3,1,,,,,,,
50739686,O=S(c1ccccc1)CCC2C(=O)N(c3ccccc3)N(c4ccccc4)C2=O,1,,,,,,,
51086418,CC1([C@H](c2ccccc2)N([C@@H]3CC[C@@H](c4cc(c5ncccn5)c(N)nc4)CC3)C(=O)O1)C,1,,,,,,,
50777115,COc1c(Cc2c(c3n(C)c2)cc(NC(OC4CCCC4)=O)cc3)ccc(C(NS(c5c(C)cccc5)(=O)=O)=O)c1,1,,,,,,,
50739724,N[C@H](C(=O)O)Cc1cc(I)c(Oc2cc(I)c(O)cc2)c(I)c1,1,,,,,,,
50375409,CO[C@H]([C@@H](C)[C@@H](OC(=O)C)[C@H](C)[C@H](O)[C@H](C)[C@@H](O)[C@@H](C)\C=C\C=C(\C)/C(=O)Nc(c(c1c2c(C(=O)[C@]34C)c(c(C)c1O)O3)O)c(\C=N\N5CCN(C)CC5)c2O)\C=C\O4,1,,,,,,,
50771824,CCCCNC(c1cc(NS(c2c(Cl)cc(Cl)cc2)(=O)=O)c(Oc3c(OC)cc(CC(=O)O)cc3)cc1)=O,1,,,,,,,
50774900,COc1cc2c(C(C)(C)C(=O)N(CCc3ccc(S(NC(NC4CCCCC4)=O)(=O)=O)cc3)C2=O)cc1,1,,,,,,,
50739572,Cc1c(C(N[C@H]([C@@H](CN2[C@H](C(NC(C)(C)C)=O)C[C@@H]([C@H]3C2)CCCC3)O)CSc4ccccc4)=O)cccc1O,1,,,,,,,
50739680,CCOC([C@@]1(OC1)CCCCCCOc2ccc(Cl)cc2)=O,1,,,,,,,
50775606,CCOC(N1CCC(=C2c(c3CCc(c24)cc(Cl)cc4)nccc3)CC1)=O,1,,,,,,,
317677,CC([C@H]1C(=O)N[C@@H](Cc2cc(F)cc(O)c2)C(=O)N(NC3C(=O)O[C@H](\C(=C\C=C\C(N4OCCCC4)=O)\C)C\C=C\C=C\[C@H](O)[C@H](C)[C@@H](O)[C@@H](CCC(=O)C)C(=O)N1)CCC3)C,1,,,,,,,
50774982,Cc1c(Cl)c(NS(c2c(C(Cc3c(C)cc(c4c3)OCO4)=O)scc2)(=O)=O)on1,1,,,,,,,
50739209,CC(\N=C(\C(Nc1ccc(Cl)cc1)=C2)/C=C3C2=Nc(c4N3c5ccc(Cl)cc5)cccc4)C,1,,,,,,,
50775607,CC(OC(CCC\C=C/C[C@@H]1[C@@H](CC[C@H](CCc2ccccc2)O)[C@H](O)C[C@@H]1O)=O)C,1,,,,,,,
50774876,CC[C@@H]1[C@](O)(C)[C@H](O)[C@@H](C)C(=O)[C@H](C)C[C@](O)(C)[C@H](O[C@H]2[C@H](O)[C@@H](N(C)C)C[C@@H](C)O2)[C@@H](C)[C@H](O[C@@H]3O[C@@H](C)[C@H](O)[C@@](OC)(C)C3)[C@@H](C)C(=O)O1,1,,,,,,,
50775624,CC(c1n(CC[C@H](C[C@H](CC(=O)O)O)O)c(c2ccc(F)cc2)c(c3ccccc3)c1C(Nc4ccccc4)=O)C,1,,,,,,,
50775645,Cc1nc(N2CCN(CCO)CC2)cc(Nc3sc(C(Nc4c(Cl)cccc4C)=O)cn3)n1,1,,,,,,,
51318133,COc1c(c2cc(Cl)c(Oc3c(F)ccc(F)c3)nc2)cc(F)c(C(NS(=O)(=O)C)=O)c1,1,,,,,,,
50739725,Clc1ccc(COC(c2c(Cl)cc(Cl)cc2)Cn3cncc3)cc1,1,,,,,,,
50739205,COC[C@@H]1[C@@]2(C)c(c3C(=O)O1)c(C(=O)C4=C2[C@H](OC(=O)C)C[C@@](C)([C@H]45)C(=O)CC5)oc3,1,,,,,,,
50754044,OC(c1n(Cc2cc(Cl)c(Cl)cc2)c(c3c1)ccs3)=O,1,,,,,,,
50739550,C[C@@]1([C@@](C#N)(O)CC2)[C@@H]2[C@H]3[C@@H](c(c4CC3)ccc(O)c4)CC1,1,,,,,,,
50774877,C[C@@]1([C@@](C#C)(O)CC2)[C@@H]2[C@H]3[C@@H](c(c4CC3)ccc(O)c4)CC1,1,,,,,,,
50777244,CCOC([C@H]1[C@H](OC)[C@@H](O[C@H]2[C@H](O)[C@@H](N(C)C)[C@H](O[C@@H]3O[C@@H](C)[C@H](OC(CC)=O)[C@@](O)(C)C3)[C@@H](C)O2)[C@@H](CC=O)C[C@@H](C)[C@@H](O)\C=C\C=C\C[C@@H](C)OC(=O)C1)=O,1,,,,,,,
50754140,C(C1NCCCC1)C(C2CCCCC2)C3CCCCC3,1,,,,,,,
50753352,COc1c(OC(=O)C)c(c2c(OC(=O)C)c1OC)ccc(Cl)c2,1,,,,,,,
50739204,CC(O[C@H]1C(=O)[C@@](C)([C@@H]2[C@H](OC(c3ccccc3)=O)[C@](C(C)(C)C1=C4C)(O)C[C@@H]4OC([C@@H]([C@H](c5ccccc5)NC(c6ccccc6)=O)O)=O)[C@@H](O)C[C@H]([C@]27OC(=O)C)OC7)=O,1,,,,,,,
50753695,CC1CC(C)(C)CC(OC(C(c2ccccc2)O)=O)C1,1,,,,,,,
50774878,CS(N1CCN(Cc2sc(c3c2)c(N4CCOCC4)nc(c5c(c6ccc5)cn[nH]6)n3)CC1)(=O)=O,1,,,,,,,
50739202,CC(OC(C(Oc1ccc(C(c2ccc(Cl)cc2)=O)cc1)(C)C)=O)C,1,,,,,,,
51026619,CC\C(\c1ccccc1)=C(\c2ccc(OCCN(C)C)cc2)/c3ccccc3,1,,,,,,,
50754412,CCOC([C@@H](N[C@H](C(N1[C@H](C(=O)O)Cc(c2C1)cccc2)=O)C)CCc3ccccc3)=O,1,,,,,,,
50739201,CCC(C(=O)N(C(NCCc1ccc(S(NC(N[C@@H]2CC[C@@H](C)CC2)=O)(=O)=O)cc1)=O)C3)=C3C,1,,,,,,,
50739351,C(N1CCN(C(c2ccccc2)c3ccccc3)CC1)\C=C\c4ccccc4,1,,,,,,,
50775602,C[C@@H]1C([C@@]2(C)[C@H]([C@H]3C1)CC[C@@](C)([C@H]34)[C@](C(=O)C)(OC(=O)C)CC4)=CC(=O)CC2,1,,,,,,,
50753248,Cc1oc(c2c1)cc(C(=O)O)n2Cc3cc(Cl)c(Cl)cc3,1,,,,,,,
50739703,CCc1c(C(c2cc(Br)c(O)c(Br)c2)=O)c(c3o1)cccc3,1,,,,,,,
50754506,CCOC(C(C(c1c(Cl)cccc1)C(C(OC)=O)=C(C)N2)=C2COCCN)=O,1,,,,,,,
50739200,CCCc1n(Cc2ccc(c3c(C(=O)O)cccc3)cc2)c(c4n1)cc(c5n(C)c(c6n5)cccc6)cc4C,1,,,,,,,
50753204,CON(C(c1c(c2sc1Cn3c(Cl)c(Cl)nc3C)C(=O)N(C)C(=O)N2CC(C)C)=O)C,1,,,,,,,
50775652,C[C@@]1([C@@]2(OC(=O)CC2)[C@H]([C@@H]34)C3)[C@@H]4[C@H]5[C@@H]([C@](C)(C(=C6)[C@@H]([C@@H]57)C7)CCC6=O)CC1,1,,,,,,,
50754123,C[C@H]1[C@H](C(CO)=O)[C@](C)([C@H]2C1)C[C@H](O)[C@@](F)([C@H]23)[C@](C)(C(=C4)CC3)C=CC4=O,1,,,,,,,
50753489,CCCc1c2c(C(=O)NC(c3c(OCC)ccc(S(N4CCN(C)CC4)(=O)=O)c3)=N2)n(C)n1,1,,,,,,,
50753581,C[C@@]1([C@@H](C(CO)=O)CC2)[C@@H]2[C@H]3[C@@H]([C@](C)(C(=C4)CC3)CCC4=O)CC1,1,,,,,,,
51026620,CC([C@@H]1[C@](C)([C@H]2CC1)CC[C@@H]([C@H]23)[C@](C)(C(=C4)CC3)CCC4=O)=O,1,,,,,,,
50739101,CC([C@@H](C(N[C@@H](Cc1ccccc1)C[C@@H]([C@@H](NC(COc2c(C)cccc2C)=O)Cc3ccccc3)O)=O)N4C(=O)NCCC4)C,1,,,,,,,
50774968,CC(O[C@@]1(C(=O)C)[C@](C)([C@H]2CC1)CC[C@@H]([C@H]23)[C@](C)(C(=C4)C(C)=C3)CCC4=O)=O,1,,,,,,,
50739100,CCC(N1C(=O)N(c2ccc(N3CCN(c4ccc(OCC5OC(c6c(Cl)cc(Cl)cc6)(Cn7ncnc7)OC5)cc4)CC3)cc2)C=N1)C,1,,,,,,,
50375403,COc1c(C)c(C)c(\C=C\C(=C\C=C\C(=C\C(=O)O)\C)\C)c(C)c1,1,,,,,,,
50753577,C[C@@]1([C@@](C#C)(O)CC2)[C@@H]2[C@H]3[C@@H]([C@H](C(=C4)CC3)CCC4=O)CC1,1,,,,,,,
50754036,OC(c1n(Cc2cc(C(F)(F)F)c(Cl)cc2)c(c3c1)ccc(O)c3)=O,1,,,,,,,
50753823,COC(C(C(c1c([N+](=O)[O-])cccc1)C(C(OC)=O)=C(C)N2)=C2C)=O,1,,,,,,,
50739099,CN[C@H]1[C@@H](OC)[C@]2(C)O[C@@H](n(c(c(c3c(c45)cccc4)n25)c6c(c37)C(=O)NC7)c(c68)cccc8)C1,1,,,,,,,
50774895,C[C@@]1([C@](C#C)(O)CC2)[C@@H]2[C@H]3[C@@H]([C@](C)(C(=C4)CC3)Cc(c45)cno5)CC1,1,,,,,,,
50739679,C[C@@]1(C(C#N)(O)CC2)[C@@H]2[C@H]3[C@@H]([C@](C)(C(=C4)CC3)Cc(c45)cno5)CC1,1,,,,,,,
50754051,OC[C@@H](CN1c(c2CC(NC(c3[nH]c(c4c3)ccc(Cl)c4)=O)C1=O)cccc2)O,1,,,,,,,
50754471,OC(c1n(Cc2cc(Cl)c(Cl)cc2)c(c3c1)ccc(O)c3F)=O,1,,,,,,,
50775618,CC[C@@H](C(O[C@@H]1[C@@H](C2=C[C@H](C)C1)[C@@H](CC[C@H]3OC(=O)C[C@H](O)C3)[C@@H](C)C=C2)=O)C,1,,,,,,,
50754116,COc1c(NS(c2c(c3ccc(CC(C)C)cc3)nccc2)(=O)=O)ncc(C)n1,1,,,,,,,
50754095,OC1(c2cc(C(F)(F)F)ccc2)CCN(CCCC(c3ccc(F)cc3)=O)CC1,1,,,,,,,
50754338,COc1c(F)cc(c2n(c3ccc(S(=O)(=O)N)cc3)nc(C(F)F)c2)cc1,1,,,,,,,
50753609,CN(C1CCCCC1)Cc2c(N)c(Br)cc(Br)c2,1,,,,,,,
50777195,CC(SCC(C(NCC(OCc1ccccc1)=O)=O)Cc2ccccc2)=O,1,,,,,,,
50754110,COc1c(OC)cc(CCN(CCCC(c2cc(OC)c(OC)cc2)(C(C)C)C#N)C)cc1,1,,,,,,,
50754315,CCCCCCCCCCCCc1ccc(S(Nc2scnn2)(=O)=O)cc1,1,,,,,,,
50739098,CC(NC([C@H]1N(C[C@H](C[C@H](C(N[C@H]2c(c3C[C@H]2O)cccc3)=O)Cc4ccccc4)O)CCN(Cc5cnccc5)C1)=O)(C)C,1,,,,,,,
50754302,C[C@@](C(F)(F)F)(C(Nc1ccc(C(c2ccccc2)=O)cc1)=O)O,1,,,,,,,
50739639,COc1c(Oc2c(OCCO)nc(c3ncccn3)nc2NS(c4ccc(C(C)(C)C)cc4)(=O)=O)cccc1,1,,,,,,,
50775623,CCOc1c(C(=O)O)ccc(CC(N[C@H](c2c(N3CCCCC3)cccc2)CC(C)C)=O)c1,1,,,,,,,
50774909,CO[C@H]1[C@@H](NC(c2c(OC)cc(N)c(Cl)c2)=O)CCN(CCCOc3ccc(F)cc3)C1,1,,,,,,,
50375253,OCC(COC(c1c(Nc2c(c3ncc2)ccc(Cl)c3)cccc1)=O)O,1,,,,,,,
50753245,OC(c1n(Cc2cc(Cl)c(Cl)cc2)c(c3c1)ncs3)=O,1,,,,,,,
50775465,CCOC(C(C(c1cc([N+](=O)[O-])ccc1)C(C(OC)=O)=C(C)N2)=C2C)=O,1,,,,,,,
50753264,COc1c(OCCCN2CCCCC2)cc(c3c1)ncnc3Oc4c(F)c(c5cc4)cc(C)[nH]5,1,,,,,,,
50753625,OC1(c2ccc(Cl)cc2)CCN(CCCC(c3ccc(F)cc3)=O)CC1,1,,,,,,,
50754232,COc1ccc(Nc2nn(c3ccccc3)cc2)cc1,1,,,,,,,
50753468,ONC(C1(CCOCC1)CS(c2ccc(Oc3ccc(Cl)cc3)cc2)(=O)=O)=O,1,,,,,,,
50777006,COc1c(OCCCN2CCC(c3c(c4on3)ccc(F)c4)CC2)ccc(C(=O)C)c1,1,,,,,,,
50753274,COc1c(OC)c(c2cc1)C(=O)OC2C3c(c4CCN3C)c(OC)c(c5c4)OCO5,1,,,,,,,
50775649,CCCCC(OCC([C@@]1(Cc(c2[C@@H](O[C@@H]3O[C@@H](C)[C@@H](O)[C@@H](NC(C(F)(F)F)=O)C3)C1)c(O)c(c4c2O)C(=O)c(c5C4=O)cccc5OC)O)=O)=O,1,,,,,,,
50753667,CSc1cc(c2cc1)N(CCC3N(C)CCCC3)c(c4S2)cccc4,1,,,,,,,
50739097,CCC(C(O[C@@H]1[C@@H](C2=C[C@H](C)C1)[C@@H](CC[C@H]3OC(=O)C[C@H](O)C3)[C@@H](C)C=C2)=O)(C)C,1,,,,,,,
50739368,COCC(O[C@]1([C@@H](C(C)C)c(c2CC1)ccc(F)c2)CCN(CCCc3[nH]c(c4n3)cccc4)C)=O,1,,,,,,,
50739576,CC(CN(S(c1ccc(N)cc1)(=O)=O)C[C@H]([C@@H](NC(O[C@@H]2COCC2)=O)Cc3ccccc3)O)C,1,,,,,,,
50739536,CNC(C[N+]([O-])=C(c1ccccc1)c(c23)cc(Cl)cc2)=N3,1,,,,,,,
50739354,CCCCc1c(C(c2cc(I)c(OCCN(CC)CC)c(I)c2)=O)c(c3o1)cccc3,1,,,,,,,
50775210,CCOc1c(NC(\C=C\CN(C)C)=O)cc(c2c1)c(Nc3cc(Cl)c(OCc4ncccc4)cc3)c(C#N)cn2,1,,,,,,,
50775468,Cc1c(c2ccc(Cl)cc2)n(c3c(Cl)cc(Cl)cc3)nc1C(NN4CCCCC4)=O,1,,,,,,,
50738973,CN1CCN(Cc2ccc(C(Nc3cc(Nc4nc(c5cnccc5)ccn4)c(C)cc3)=O)cc2)CC1,1,,,,,,,
50753985,C[C@@H]1C([C@@]2(C)[C@](F)([C@H]3C1)[C@@H](O)C[C@@](C)([C@H]34)[C@](C(=O)C)(O)CC4)=CC(=O)C=C2,0,,,,,,,
50753512,CCN(CCCC(Nc1c(c2nc(c13)cc(Cl)cc3)cc(OC)cc2)C)CC,0,,,,,,,
50754009,C[C@H]1[C@@](C(CO)=O)(O)[C@](C)([C@H]2C1)C[C@H](O)[C@@](F)([C@H]23)[C@](C)(C(=C4)CC3)C=CC4=O,0,,,,,,,
50753401,N[C@@H]1[C@@H](c2ccccc2)C1,0,,,,,,,
50753376,CC(c1cc(c2cc1)nc(c3ccc(Cl)cc3)o2)C(=O)O,0,,,,,,,
50775494,CC(c1cc(c2cc1)C(=O)c(c3O2)cc(C(=O)O)c(N)n3)C,0,,,,,,,
50375486,O=C1N(CCCCN2CCN(c3ncccn3)CC2)C(=O)CC4(CCCC4)C1,0,,,,,,,
50772063,OC(COC(Cc1c(Nc2c(Cl)cccc2Cl)cccc1)=O)=O,0,,,,,,,
50777224,C[C@@]1([C@@H](O)CC2)[C@@H]2[C@H]3[C@@H]([C@](C)(C(=C4)CC3)CCC4=O)CC1,0,,,,,,,
50754497,CCN(C(c1ccc(C(c2ccccc2)=C3CCNCC3)cc1)=O)CC,0,,,,,,,
50754171,N[C@@H]1CN(c2nc(c3cc2)ccc(Cl)c3C(NCC4CCCCC4)=O)CC1,0,,,,,,,
50753647,CC(\C(=N/C(C(C\C(=N\C(\N=C(/C=CC=C1C(\N=C(/C(C)=CC=C2C(\N=C(\c(c3C(S(=O)(=O)O)=C4)c(S(=O)(=O)O)cc(S(=O)(=O)O)c3)/C4)=O)\C2)=O)\C1)=O)\C=C5)=C5)=O)\C=C(C(\N=C(\c(c6C(S(=O)(=O)O)=C7)c(S(=O)(=O)O)cc(S(=O)(=O)O)c6)/C7)=O)C8)=C8,0,,,,,,,
50753693,CN(CCC=C1c(c2C=Cc(c13)cccc3)cccc2)C,0,,,,,,,
50753710,C[C@@]1([C@](C(CO)=O)(O)CC2)[C@@H]2[C@H]3[C@@H]([C@](C)(C(=C4)CC3)CCC4=O)C(=O)C1,0,,,,,,,
50753300,O=C(c1ccccc1)NC2CCN(CCc3c(c4[nH]c3)cccc4)CC2,0,,,,,,,
50754477,CCN(c1c(C)cccc1)C(\C=C\C)=O,0,,,,,,,
50753280,Cc1c(C(Nc2ccc(C(F)(F)F)cc2)=O)cno1,0,,,,,,,
50775496,CC(c1n([C@@H]2C[C@H](N(CC[C@@H](c3ccccc3)NC(C4CCC(F)(F)CC4)=O)[C@@H]5C2)CC5)c(C)nn1)C,0,,,,,,,
50754513,CN(CCCN1c(c2Sc(c13)cccc3)cc(C(=O)C)cc2)C,0,,,,,,,
50753405,CCc1c(O)c(c2c(CC)c1)C(=O)C=C(C(=O)O)O2,0,,,,,,,
50775497,Clc1cc(Cl)c(COC(c2c(Cl)cc(Cl)cc2)Cn3cncc3)cc1,0,,,,,,,
51026616,CC[C@]1(CN2C[C@H](C[C@@](c3c(OC)cc4c([C@]5([C@@H](N6CC5)[C@@]7(CC)C=CC6)[C@H]([C@](C(OC)=O)(O)[C@@H]7OC(=O)C)N4C)c3)(C(OC)=O)c8c(c(c9[nH]8)cccc9)CC2)C1)O,0,,,,,,,
50775498,CN(CCOc1ccc(\C(\c2ccccc2)=C(/c3ccccc3)\CCCl)cc1)C,0,,,,,,,
50754111,CC(CC(C(C(=O)Oc(c12)cccc1)=C2O)c3ccccc3)=O,0,,,,,,,
50753374,NC(C(NNCc1c(O)c(O)c(O)cc1)=O)CO,0,,,,,,,
50754112,FC(c1cc(C(CCN(CCc2cc(c3cc2)cccc3)C4)=C4)ccc1)(F)F,0,,,,,,,
50375470,Cc1ccc(C(c2cc([N+](=O)[O-])c(O)c(O)c2)=O)cc1,0,,,,,,,
51254362,Cc1[nH]nc(c2ccc(C([C@H]3[C@H](C(Nc4c(C)nn(C)c4)=O)CCCC3)=O)cc2)c1,0,,,,,,,
50753400,Clc1c(C(NCC2(CC3C4)CC(CC4C2)C3)=O)cc(CN5CCNCC5)cc1,0,,,,,,,
50375471,CN1CCN(C(c(c2Nc(c34)ccc(Cl)c3)cccc2)=N4)CC1,0,,,,,,,
50754043,COc1cc(c2cc1)N(C[C@@H](CN(C)C)C)c(c3S2)cccc3,0,,,,,,,
50754316,OC(c1sccc1)(c2sccc2)C(O[C@@H]3C(CC[N+]4(CCCOc5ccccc5)C3)CC4)=O,0,,,,,,,
50753321,CNCCCC1c(c2C=Cc(c13)cccc3)cccc2,0,,,,,,,
50753231,Cc1c(Cl)c(C)cc(O)c1,0,,,,,,,
50754092,CC(NC(NS(c1c(Nc2cc(C)ccc2)ccnc1)(=O)=O)=O)C,0,,,,,,,
50772699,COc1c(c2nc(N)n1)ncn2[C@H]3[C@@H](O)[C@H](O)[C@@H](CO)O3,0,,,,,,,
50772749,Oc1cc(c2cc1)[C@@]3([C@](O)([C@H]4C2)CCCC3)CCN4CC5CCC5,0,,,,,,,
50772750,CCNC(N(C([C@H]1CN(CC=C)[C@H]2[C@@H](c(c(c3[nH]c4)c4C2)ccc3)C1)=O)CCCN(C)C)=O,0,,,,,,,
50772751,Cn1c(c2nc1)C(=O)N(C)C(=O)N2C,0,,,,,,,
50772752,NC(N1c(c2C=Cc(c13)cccc3)cccc2)=O,0,,,,,,,
50772753,C[C@](C(=O)O)(NN)Cc1cc(O)c(O)cc1,0,,,,,,,
50772754,ClCCNC(N(N=O)CCCl)=O,0,,,,,,,
50772755,ClC(Cl)(Cl)Cl,0,,,,,,,
50772756,N[C@H](c1ccccc1)C(N[C@@H]2C(=O)N([C@@H]23)C(C(=O)O)=C(Cl)CS3)=O,0,,,,,,,
50772757,CC(CS[C@H]1N2C(=O)[C@H]1NC([C@@H](c3ccc(O)cc3)N)=O)=C2C(=O)O,0,,,,,,,
50772758,Cc1ccc(c2n(c3ccc(S(=O)(=O)N)cc3)nc(C(F)(F)F)c2)cc1,0,,,,,,,
50772759,OC(CCCc1ccc(N(CCCl)CCCl)cc1)=O,0,,,,,,,
50772760,OC[C@H]([C@@H](c1ccc([N+](=O)[O-])cc1)O)NC(C(Cl)Cl)=O,0,,,,,,,
50772761,CN(CCC(c1ncccc1)c2ccc(Cl)cc2)C,0,,,,,,,
50772762,CN(CCCN1c(c2Sc(c13)cccc3)cc(Cl)cc2)C,0,,,,,,,
50772763,CCCNC(NS(c1ccc(Cl)cc1)(=O)=O)=O,0,,,,,,,
50772764,Clc1cc(c2cc1)NC(=O)O2,0,,,,,,,
50772765,C1C(c2ccccc2)(c3ccccc3)C1C(NCC4)=N4,0,,,,,,,
50772766,CC(C(OCC([C@]1([C@](C)([C@H]2C3)C[C@H](O)[C@@H]([C@H]24)[C@](C)(C(=C5)CC4)C=CC5=O)[C@@H]3O[C@@H](C6CCCCC6)O1)=O)=O)C,0,,,,,,,
50772767,CN\C(=N/CCSCc1c(C)[nH]cn1)\NC#N,0,,,,,,,
50772768,CC(C(=O)O)(Oc1ccc(C2C(Cl)(Cl)C2)cc1)C,0,,,,,,,
50772769,OC(C(C(=O)c(c1N2C3CC3)cc(F)c(N4CCNCC4)c1)=C2)=O,0,,,,,,,
50772770,Nc1c(c2nc(Cl)n1)ncn2[C@@H]3O[C@H](CO)[C@@H](O)C3,0,,,,,,,
50772771,CC[C@@H]1[C@](O)(C)[C@H](O)[C@@H](C)C(=O)[C@H](C)C[C@](OC)(C)[C@H](O[C@H]2[C@H](O)[C@@H](N(C)C)C[C@@H](C)O2)[C@@H](C)[C@H](O[C@@H]3O[C@@H](C)[C@H](O)[C@@](OC)(C)C3)[C@@H](C)C(=O)O1,0,,,,,,,
50772772,Oc1c(c2c(Cl)cc1I)nccc2,0,,,,,,,
50772773,Nc1c(c2nc(Cl)n1)ncn2[C@H]3[C@@H](F)[C@H](O)[C@@H](CO)O3,0,,,,,,,
50772774,CCN(CCOc1ccc(\C(\c2ccccc2)=C(/c3ccccc3)\Cl)cc1)CC,0,,,,,,,
50772775,CC1N(NC(c2cc(S(=O)(=O)N)c(Cl)cc2)=O)C(C)CCC1,0,,,,,,,
50772777,C[C@H]1[C@@H](N(c2c(c3ncn2)cc[nH]3)C)CN(C(CC#N)=O)CC1,0,,,,,,,
50772778,C[C@@]1([C@@H](O)CC2)[C@@H]2[C@H]3[C@@H](c(c4CC3)ccc(O)c4)CC1,0,,,,,,,
50772779,CN1CCN(C(O[C@H]2c(c3C(=O)N2c4ncc(Cl)cc4)nccn3)=O)CC1,0,,,,,,,
50772780,CCC(C(c1c(Cl)c(Cl)c(OCC(=O)O)cc1)=O)=C,0,,,,,,,
50772781,CC(P(=O)(O)O)(P(=O)(O)O)O,0,,,,,,,
50772782,COc1c(OP(=O)(O)O)c(OC)cc([C@@H]2c(c3[C@@H](O[C@H]4[C@H](O)[C@@H](O)[C@@H]([C@@H]5O4)O[C@H](C)OC5)[C@@H]6[C@@H]2C(=O)OC6)cc(c7c3)OCO7)c1,0,,,,,,,
50772783,CCOC(\C=C(\C=C\C=C(\C=C\c1c(C)c(C)c(OC)cc1C)/C)/C)=O,0,,,,,,,
50772784,CC(OCC(COC(=O)C)CCn1c(c2nc1)nc(N)nc2)=O,0,,,,,,,
50772785,Oc1ccc(C2c(c3CCNC2)cc(O)c(O)c3Cl)cc1,0,,,,,,,
50772786,CSc1ccc(C(C2=C(C)NC(=O)N2)=O)cc1,0,,,,,,,
50772787,CC(N(C(C)C)CC[C@@H](c1c(OC(C(C)C)=O)ccc(CO)c1)c2ccccc2)C,0,,,,,,,
50772788,OC(c1c(F)cc(F)cc1)(Cn2ncnc2)Cn3ncnc3,0,,,,,,,
50772789,NC1=C(F)C=NC(=O)N1,0,,,,,,,
50772790,Nc1c(c2nc(F)n1)ncn2[C@H]3[C@@H](O)[C@H](O)[C@@H](COP(=O)(O)O)O3,0,,,,,,,
50772791,CC1(O[C@](C(CO)=O)([C@@H]2O1)[C@](C)([C@H]3C2)C[C@H](O)[C@@H]([C@H]34)[C@](C)(C(=C5)[C@@H](F)C4)C=CC5=O)C,0,,,,,,,
50772792,Oc1cc2c(C3(c(c4C(=O)O3)cccc4)c(c5O2)ccc(O)c5)cc1,0,,,,,,,
50772793,FC(C(=O)NC(=O)N1)=C1,0,,,,,,,
50772794,CC(C(Nc1cc(C(F)(F)F)c([N+](=O)[O-])cc1)=O)C,0,,,,,,,
50772795,CCC(O[C@@]1(C(SCF)=O)[C@](C)([C@H]2C[C@H]1C)C[C@H](O)[C@@](F)([C@H]23)[C@](C)(C(=C4)[C@@H](F)C3)C=CC4=O)=O,0,,,,,,,
50772796,COCCCC\C(\c1ccc(C(F)(F)F)cc1)=N/OCCN,0,,,,,,,
50772829,CN(C(Oc1cc([N+](C)(C)C)ccc1)=O)C,0,,,,,,,
50772830,Cc1c(c2ncc1)NC(=O)c(c3N2C4CC4)cccn3,0,,,,,,,
50772831,[O-][N+](OCCNC(c1cnccc1)=O)=O,0,,,,,,,
50772832,CCN(C(c1cnccc1)=O)CC,0,,,,,,,
50772834,CC(Oc1c(C(Nc2sc([N+](=O)[O-])cn2)=O)cccc1)=O,0,,,,,,,
50772835,CCN1c(c2C(=O)C(C(=O)O)=C1)cc(N3CCNCC3)c(F)c2,0,,,,,,,
50772836,CNCCC=C1c(c2CCc(c13)cccc3)cccc2,0,,,,,,,
50772837,CC1N2c(c3OC1)c(C(=O)C(C(=O)O)=C2)cc(F)c3N4CCN(C)CC4,0,,,,,,,
50772838,Cc1n(CC2C(=O)c3c(n(C)c(c34)cccc4)CC2)ccn1,0,,,,,,,
50772839,CCCCCCCCCCC[C@H](OC([C@@H](NC=O)CC(C)C)=O)C[C@H]1[C@H](CCCCCC)C(=O)O1,0,,,,,,,
50772840,Cc1n(CC(CCl)O)c([N+](=O)[O-])cn1,0,,,,,,,
50772841,Cc1c(C(N[C@@H]2C(=O)N([C@@H]23)[C@@H](C(=O)O)C(C)(C)S3)=O)c(c4ccccc4)no1,0,,,,,,,
50772842,CC[C@@H]([C@H]1C(=O)N[C@@H](CCC(=O)N)C(=O)N[C@@H](CC(=O)N)C(=O)N[C@H](C(N2[C@H](C(N[C@H](C(NCC(=O)N)=O)CC(C)C)=O)CCC2)=O)CSSC[C@H](N)C(=O)N[C@@H](Cc3ccc(O)cc3)C(=O)N1)C,0,,,,,,,
50772845,CC(O[C@@H]1[C@](C)([C@H]2C[C@@H]1[N+]3(CCCCC3)C)CC[C@@H]([C@H]24)[C@](C)([C@H]5CC4)C[C@H]([N+]6(CCCCC6)C)[C@@H](OC(=O)C)C5)=O,0,,,,,,,
50772846,C[C@@H]1N2c(c3OC1)c(C(=O)C(C(=O)O)=C2)cc(F)c3C4(CC4)N,0,,,,,,,
50772847,CC([C@@H]1[C@](C)([C@H]2C[C@H]1C#N)CC[C@@H]([C@H]23)[C@](C)(C4=CC3)CC[C@H](O)C4)=O,0,,,,,,,
50772848,CCN1c(c2C(=O)C(C(=O)O)=C1)cc(N3CCN(C)CC3)c(F)c2,0,,,,,,,
50772850,NC(OC(c1ccccc1)C2=O)=N2,0,,,,,,,
50772851,NC(c1ccc(OCCCCCOc2ccc(C(=N)N)cc2)cc1)=N,0,,,,,,,
50772852,CC(CCCCN1C(=O)c(c2N(C)C1=O)n(C)cn2)=O,0,,,,,,,
50772853,CCCN1[C@H]2[C@@H](c(c(c3[nH]c4)c4C2)ccc3)C[C@@H](CSC)C1,0,,,,,,,
50772854,CCOc1ccc(NC(=O)C)cc1,0,,,,,,,
50773265,C[C@@]1([C@@H](O)CC2)[C@@H]2[C@H]3[C@@H](c(c4C[C@H]3CCCCCCCCCS(CCCC(C(F)(F)F)(F)F)=O)ccc(O)c4)CC1,0,,,,,,,
50773266,NS(c1c(Cl)cc(NCc2occc2)c(C(=O)O)c1)(=O)=O,0,,,,,,,
50773267,COc1c(c([C@]2([C@@H]3C[C@@H](O)C=C2)CCN(C)C4)c4cc1)O3,0,,,,,,,
50773268,NC1=NC(=O)N([C@H]2C(F)(F)[C@H](O)[C@@H](CO)O2)C=C1,0,,,,,,,
50773271,Cc1cc(OCCCC(C(=O)O)(C)C)c(C)cc1,0,,,,,,,
50773272,CC[C@@]1([C@@](C#C)(O)C=C2)[C@@H]2[C@H]3[C@@H]([C@H](C(=C4)CC3)CCC4=O)CC1,0,,,,,,,
50773273,Cc1ncc(C(NCCc2ccc(S(NC(NC3CCCCC3)=O)(=O)=O)cc2)=O)nc1,0,,,,,,,
50773274,CC(C[C@@H](C(N[C@H](C(N1[C@H](C(NNC(=O)N)=O)CCC1)=O)CCCNC(=N)N)=O)NC([C@H](NC([C@@H](NC([C@@H](NC([C@@H](NC([C@@H](NC([C@H]2NC(=O)CC2)=O)Cc3[nH]cnc3)=O)Cc4c(c5[nH]c4)cccc5)=O)CO)=O)Cc6ccc(O)cc6)=O)COC(C)(C)C)=O)C,0,,,,,,,
50773275,NC(NC(Cc1c(Cl)cccc1Cl)=O)=N,0,,,,,,,
50773277,NS(c1c(C(F)(F)F)cc2c(S(=O)(=O)NCN2)c1)(=O)=O,0,,,,,,,
50773279,CCN(CCCC(Nc1c(c2ncc1)ccc(Cl)c2)C)CCO,0,,,,,,,
50773280,NC(NO)=O,0,,,,,,,
50773281,CN(CCCN1c(c2CCc(c13)cccc3)cccc2)C,0,,,,,,,
50773282,CC(Cn1c(c2nc1)c(c3nc2N)cccc3)C,0,,,,,,,
50773283,CC1N(NC(c2cc(S(=O)(=O)N)c(Cl)cc2)=O)c(c3C1)cccc3,0,,,,,,,
50773284,CC(N(c1c(I)c(C(NCC(CO)O)=O)c(I)c(C(NCC(CO)O)=O)c1I)CC(CO)O)=O,0,,,,,,,
50773285,CC([N+](C1CC2)(C2CC(OC(C(c3ccccc3)CO)=O)C1)C)C,0,,,,,,,
50773287,CC(NNC(c1ccncc1)=O)C,0,,,,,,,
50773288,CN1S(=O)(=O)c(c2C(O)=C1C(Nc3noc(C)c3)=O)cccc2,0,,,,,,,
50773289,NC[C@@H]1[C@@H](O)[C@H](O)[C@@H](O)[C@@H](O[C@H]2[C@H](O)[C@@H](O[C@@H]3[C@H](O)[C@@H](N)[C@H](O)[C@@H](CO)O3)[C@H](N)C[C@@H]2N)O1,0,,,,,,,
50773290,Fc1ccc(C(C2CCN(CCN3C(=O)c(c4NC3=O)cccc4)CC2)=O)cc1,0,,,,,,,
50773292,COC[C@H](C(NCc1ccccc1)=O)NC(=O)C,0,,,,,,,
50773293,NC1=NC(=O)N([C@H]2O[C@@H](CO)SC2)C=C1,0,,,,,,,
50773294,Cc1c(CS(c2[nH]c(c3n2)cccc3)=O)nccc1OCC(F)(F)F,0,,,,,,,
50773295,Nc1c(c2ccc1)CN(C3C(=O)NC(=O)CC3)C2=O,0,,,,,,,
50773298,Nc1nc(c2c(O)n1)NCC(CNc3ccc(C(N[C@H](C(=O)O)CCC(=O)O)=O)cc3)N2C=O,0,,,,,,,
50773299,CCNC([C@H]1N(C([C@@H](NC([C@@H](NC([C@H](NC([C@@H](NC([C@@H](NC([C@@H](NC([C@@H](NC([C@H]2NC(=O)CC2)=O)Cc3nc[nH]c3)=O)Cc4c(c5[nH]c4)cccc5)=O)CO)=O)Cc6ccc(O)cc6)=O)CC(C)C)=O)CC(C)C)=O)CCCNC(=N)N)=O)CCC1)=O,0,,,,,,,
50773300,N[C@H](C(=O)O)Cc1cc(O)c(O)cc1,0,,,,,,,
50773301,C[C@@H]1N2c(c3OC1)c(C(=O)C(C(=O)O)=C2)cc(F)c3N4CCN(C)CC4,0,,,,,,,
50773311,CCC1(c2ccccc2)C(=O)NCNC1=O,0,,,,,,,
50773312,CCCN(S(c1ccc(C(=O)O)cc1)(=O)=O)CCC,0,,,,,,,
50773314,CCN(CCNC(c1ccc(N)cc1)=O)CC,0,,,,,,,
50773315,CN1CCN(CCCN2c(c3Sc(c24)cccc4)cc(Cl)cc3)CC1,0,,,,,,,
50773316,CC(N(C)C)CN1c(c2Sc(c13)cccc3)cccc2,0,,,,,,,
50773317,CCCNCC(COc1c(C(CCc2ccccc2)=O)cccc1)O,0,,,,,,,
50773318,NC(c1nccnc1)=O,0,,,,,,,
50773362,NC(NC(NCCc1ccccc1)=N)=N,0,,,,,,,
50773363,CC(NCC(COc1c(c2ccc1)cc[nH]2)O)C,0,,,,,,,
50773364,C(c1cc(c2cc1)OCO2)N3CCN(c4ncccn4)CC3,0,,,,,,,
50773365,CN1S(=O)(=O)c(c2C(O)=C1C(Nc3ncccc3)=O)cccc2,0,,,,,,,
50773366,C(c1ccc(CN2CCNCCCNCCNCCC2)cc1)N3CCNCCCNCCNCCC3,0,,,,,,,
50773368,C[C@@]1([C@](C(CO)=O)(O)CC2)[C@@H]2[C@H]3[C@@H]([C@](C)(C(=C4)CC3)C=CC4=O)[C@@H](O)C1,0,,,,,,,
50773399,NC1=NC(=O)N([C@H]2[C@@H](O)[C@H](O)[C@@H](CO)O2)C=C1,0,,,,,,,
50773400,CN(\N=N\c1c(C(=O)N)nc[nH]1)C,0,,,,,,,
50773401,Nc1ccc(S(c2ccc(N)cc2)(=O)=O)cc1,0,,,,,,,
50773402,NC1=NC(=O)N([C@@H]2O[C@H](CO)[C@@H](O)C2)C=N1,0,,,,,,,
50773403,CNCCCN1c(c2CCc(c13)cccc3)cccc2,0,,,,,,,
50773404,Clc1cc2c(C(=C3CCNCC3)c(c4CC2)nccc4)cc1,0,,,,,,,
50773406,CN(CC[C@H](c1ncccc1)c2ccc(Br)cc2)C,0,,,,,,,
50773407,Cc1c(C[S@](c2[nH]c(c3n2)cccc3)=O)nccc1OCC(F)(F)F,0,,,,,,,
50773408,CN1C(=O)CN=C(c2ccccc2)c(c13)cc(Cl)cc3,0,,,,,,,
50773409,CC(Nc(c1S2(=O)=O)ccc(Cl)c1)=N2,0,,,,,,,
50773410,OC[C@H]1O[C@@H](n2c3c(C(=O)NC=N3)nc2)CC1,0,,,,,,,
50773411,CN(CCOC(c1ccccc1)c2ccccc2)C,0,,,,,,,
50773412,CC[C@@H]1[C@](O)(C)[C@@H]([C@@H](C)[C@@H]2[C@H](C)C[C@](O)(C)[C@H](O[C@H]3[C@H](O)[C@@H](N(C)C)C[C@@H](C)O3)C[C@H](O[C@@H]4O[C@@H](C)[C@H](O)[C@@](OC)(C)C4)[C@@H](C)C(=O)O1)O[C@H](COCCOC)N2,0,,,,,,,
50773413,CC(N(C(C)C)CCC(c1ncccc1)(c2ccccc2)C(=O)N)C,0,,,,,,,
50773415,O=C(c1c(c2[nH]c1)cccc2)O[C@@H]3C[C@@H](N4[C@H]5C3)C[C@H](C(=O)C4)C5,0,,,,,,,
50773416,Clc1cc(c2cc1)NC(=O)N2C3CCN(CCCN4C(=O)Nc(c45)cccc5)CC3,0,,,,,,,
50773417,CN(CC\C=C(\c(c1OC2)cccc1)/c3c2cccc3)C,0,,,,,,,
50773418,CNCC[C@@H](c1sccc1)Oc2c(c3ccc2)cccc3,0,,,,,,,
50773419,CC(c1ccc(C(CCCN2CCC(OC(c3ccccc3)c4ccccc4)CC2)=O)cc1)(C)C,0,,,,,,,
50773420,FC([C@]1(C#CC2CC2)c(c3NC(=O)O1)cc(Cl)cc3)(F)F,0,,,,,,,
50773421,CC[C@@H]1[C@@H](C[C@@H]2c(c3CCN2)cc(OC)c(OC)c3)C[C@H](N4C1)c(c5CC4)cc(OC)c(OC)c5,0,,,,,,,
50773422,NC(C(F)=CN([C@H]1O[C@@H](CO)SC1)C2=O)=N2,0,,,,,,,
50773423,CCOC([C@@H](N[C@H](C(N1[C@H](C(=O)O)CCC1)=O)C)CCc2ccccc2)=O,0,,,,,,,
50773424,CCN1c(c2C(=O)C(C(=O)O)=C1)nc(N3CCNCC3)c(F)c2,0,,,,,,,
50773425,NC(NC(=O)c(c12)ncn1[C@@H]3C(=C)[C@H](CO)[C@@H](O)C3)=N2,0,,,,,,,
50773426,COC([C@H]1[C@H]([C@]2([C@@H]3O2)[C@](C)(C(=C4)C1)CCC4=O)[C@H]5[C@]([C@@]6(OC(=O)CC6)CC5)(C)C3)=O,0,,,,,,,
50773427,CCCCc1n(Cc2ccc(C(=O)O)cc2)c(\C=C(\C(=O)O)/Cc3sccc3)cn1,0,,,,,,,
50773428,C[C@H]([C@H]1C(=O)N([C@@H]12)C(C(=O)O)=C(S[C@H]3C[C@@H](C(Nc4cc(C(=O)O)ccc4)=O)NC3)[C@@H]2C)O,0,,,,,,,
50773497,CC(c1cc(c2cc1)Cc(c3O2)cccn3)C(=O)O,0,,,,,,,
50773498,Nc1scc(\C(\C(N[C@@H]2C(=O)N([C@@H]23)C(C(=O)O)=C(C=C)CS3)=O)=N\O)n1,0,,,,,,,
50773499,OC(CCc1oc(c2ccccc2)c(c3ccccc3)n1)=O,0,,,,,,,
50773500,COC(Nc1[nH]c(c2n1)cc(C(c3ccccc3)=O)cc2)=O,0,,,,,,,
50773501,O=C1Nc(c2CC1)ccc(OCCCCc3n(C4CCCCC4)nnn3)c2,0,,,,,,,
50773502,COc1c(c2ccc1)C(=O)c(c3C2=O)c(O)c(c4c3O)[C@@H](O[C@@H]5O[C@@H](C)[C@@H](O)[C@@H](N)C5)C[C@@](C(CO)=O)(O)C4,0,,,,,,,
50773503,COc1c(OC)cc(Cc2c(c3ccn2)cc(OC)c(OC)c3)cc1,0,,,,,,,
50773504,Nc1c(c2nc(c13)CCCC3)cccc2,0,,,,,,,
50773505,CO\N=C(\c1nc(N)sc1)/C(N[C@@H]2C(=O)N([C@@H]23)C(C(=O)O)=C(COC(=O)C)CS3)=O,0,,,,,,,
50773506,CO\N=C(\c1occc1)/C(N[C@@H]2C(=O)N([C@@H]23)C(C(OC(OC(=O)C)C)=O)=C(COC(=O)N)CS3)=O,0,,,,,,,
50773507,COc1c(O)c(OC)cc([C@@H]2c(c3[C@@H](O[C@H]4[C@H](O)[C@@H](O)[C@@H]([C@@H]5O4)O[C@H](c6sccc6)OC5)[C@@H]7[C@@H]2C(=O)OC7)cc(c8c3)OCO8)c1,0,,,,,,,
50773508,CC[C@]1(CN2C[C@@H](C[C@@](c3c(OC)cc4c([C@]5([C@@H](N6CC5)[C@@]7(CC)C=CC6)[C@H]([C@](C(OC)=O)(O)[C@@H]7OC(=O)C)N4C)c3)(C(OC)=O)c8c(c(c9[nH]8)cccc9)CC2)C1)O,0,,,,,,,
50773509,C[C@@H]1C([C@@]2(C)[C@H]([C@H]3C1)[C@@H](O)C[C@@](C)([C@H]34)[C@](C(CO)=O)(O)CC4)=CC(=O)C=C2,0,,,,,,,
50773510,COc1cc(c2cc1)c([C@@H]([C@@H]3N(C[C@H](C=C)[C@@H]4C3)CC4)O)ccn2,0,,,,,,,
50773513,CCN1c(c2C(=O)C(C(=O)O)=C1)nc(C)cc2,0,,,,,,,
50773514,CO\N=C(\C(CN)CN1c2c(F)cc(c3n2)C(=O)C(C(=O)O)=CN3C4CC4)/C1,0,,,,,,,
50773515,CCN(CCCC(Nc1c(c2ncc1)ccc(Cl)c2)C)CC,0,,,,,,,
50773517,CN1C(=O)N(C)C(=O)c(c12)[nH]cn2,0,,,,,,,
50773519,C[C@@]1(C(c2cnccc2)=CC3)[C@@H]3[C@H]4[C@@H]([C@](C)(C5=CC4)CC[C@H](O)C5)CC1,0,,,,,,,
50773520,CCN(CCNC(c1ccc(NC(=O)C)cc1)=O)CC,0,,,,,,,
50773521,CC(Nc1sc(S(=O)(=O)N)nn1)=O,0,,,,,,,
50773522,Cc1[n+]([O-])cc(C(=O)O)nc1,0,,,,,,,
50773523,COc1c(C2(CC3C4)CC(CC4C2)C3)cc(c5cc(c6cc5)ccc(C(=O)O)c6)cc1,0,,,,,,,
50773524,CC(NCC(c1cc(CO)c(O)cc1)O)(C)C,0,,,,,,,
50773525,NCCCC(P(=O)(O)O)(P(=O)(O)O)O,0,,,,,,,
50773526,CC(NCC(COc1c(CC=C)cccc1)O)C,0,,,,,,,
50773527,C[C@@H]1[C@@](c2cc(O)ccc2)(C)CCN(C[C@@H](C(NCC(=O)O)=O)Cc3ccccc3)C1,0,,,,,,,
50773528,NCC[C@@H](C(N[C@H]1[C@H](O[C@@H]2[C@H](O)[C@@H](N)[C@H](O)[C@@H](CO)O2)[C@@H](O)[C@H](O[C@@H]3[C@H](O)[C@@H](O)[C@H](O)[C@@H](CN)O3)[C@@H](N)C1)=O)O,0,,,,,,,
50773764,COc1cc(c2cc1)c([C@H]([C@H]3N(C[C@H](C=C)[C@@H]4C3)CC4)O)ccn2,0,,,,,,,
50773776,CN(c1sc(C(N[C@H](C(=O)O)CCC(=O)O)=O)cc1)Cc2cc(c3cc2)C(=O)N=C(C)N3,0,,,,,,,
50773781,CCOC([C@@H](N[C@H](C(N1[C@H](C(=O)O)C[C@@H]([C@@H]12)CCC2)=O)C)CCc3ccccc3)=O,0,,,,,,,
50773786,CNC(=C[N+](=O)[O-])NCCSCc1oc(CN(C)C)cc1,0,,,,,,,
50773787,CN1[C@H]2c(c3CC1)c(c(c4C2)c(O)c(O)cc4)ccc3,0,,,,,,,
50773788,CCN1[C@H](CNC(c2c(OC)c(Br)ccc2OC)=O)CCC1,0,,,,,,,
50773803,Nc1sc(c2n1)cc(OC(F)(F)F)cc2,0,,,,,,,
50773813,CC1=C(CCN2CCC(c3c(c4on3)ccc(F)c4)CC2)C(=O)N(C5=N1)CCCC5,0,,,,,,,
50773817,CN(CCc1c(c2[nH]c1)cc(Cn3ncnc3)cc2)C,0,,,,,,,
50773828,CC(O[C@@H]1[C@](C)([C@H]2C[C@@H]1[N+]3(CCCC3)CC=C)CC[C@@H]([C@H]24)[C@](C)([C@H]5CC4)C[C@H](N6CCOCC6)[C@@H](O)C5)=O,0,,,,,,,
50773833,CN(c1ccccc1)C(C(C(=O)N(C)c(c23)cccc2)=C3O)=O,0,,,,,,,
50773843,OCc1c(O)ccc(C(CNCCCCCCOCCCCc2ccccc2)O)c1,0,,,,,,,
50773845,N[C@@H](C1(CC2C3)CC(CC3C1)(O)C2)C(N4[C@H](C#N)C[C@@H]([C@@H]45)C5)=O,0,,,,,,,
50773846,C[C@@H](N(CC#C)C)Cc1ccccc1,0,,,,,,,
50773849,C[C@H]([C@H]1C(=O)N[C@@H](CO)C(=O)N[C@H](C(=O)O)CSSC[C@H](NC(CNC([C@@H](N)C)=O)=O)C(=O)N[C@@H](CCCCN)C(=O)N[C@@H](CC(=O)N)C(=O)N[C@@H](Cc2ccccc2)C(=O)N[C@@H](Cc3ccccc3)C(=O)N[C@@H](Cc4c(c5[nH]c4)cccc5)C(=O)N[C@@H](CCCCN)C(=O)N[C@@H]([C@H](O)C)C(=O)N[C@@H](Cc6ccccc6)C(=O)N1)O,0,,,,,,,
50773851,C[C@@H]1N[C@H](C)CN(c2c(F)c3c(C(=O)C(C(=O)O)=CN3C4CC4)c(N)c2F)C1,0,,,,,,,
50773854,CO[C@@H]1[C@@H](O[C@H]2[C@H](O)[C@@H](N(C)C)[C@H](O[C@H]3O[C@H](C)[C@@H](O)[C@](O)(C)C3)[C@@H](C)O2)[C@@H](CC=O)C[C@@H](C)[C@@H](O[C@@H]4O[C@@H](C)[C@@H](N(C)C)CC4)\C=C\C=C\C[C@H](C)OC(=O)C[C@H]1O,0,,,,,,,
50773860,CC(C(NCC(=O)O)=O)SC(c1sccc1)=O,0,,,,,,,
50773914,OC(CN(c1c(C#N)c(CC(=O)O)c(C(=O)O)s1)CC(=O)O)=O,0,,,,,,,
50773915,CC(NS(c1ccc(N)cc1)(=O)=O)=O,0,,,,,,,
50773916,Cc1onc(NS(c2ccc(N)cc2)(=O)=O)c1,0,,,,,,,
50773917,Cc1c(C)c(NS(c2ccc(N)cc2)(=O)=O)on1,0,,,,,,,
50773919,CS(c1ccc(\C=C(/c(c23)ccc(F)c2)\C(=C3CC(=O)O)C)cc1)=O,0,,,,,,,
50774099,CCN1C(CNC(c2c(OC)cc(N)c(S(CC)(=O)=O)c2)=O)CCC1,0,,,,,,,
50774106,CN(CCC=C1c(c2CCc(c13)cccc3)cccc2)C,0,,,,,,,
50774111,Clc1cc(c2cc1)C(N3CCNCC3)=Nc(c4O2)cccc4,0,,,,,,,
50774112,CC(c1cc(C(C#N)(C)C)cc(Cn2ncnc2)c1)(C#N)C,0,,,,,,,
50774304,Oc1c(c2ccc1)C(=O)c(c3C2)c(O)ccc3,0,,,,,,,
50774424,CC(N(C)N(c1ccccc1)C2=O)=C2,0,,,,,,,
50774425,C[C@H](c1cc(C(F)(F)F)cc(C(F)(F)F)c1)O[C@@H]2[C@H](c3ccc(F)cc3)N(CC(NC(=O)N4)=N4)CCO2,0,,,,,,,
50774426,Clc1c(Cl)c(N2CCN(CCCCOc3cc(c4cc3)NC(=O)CC4)CC2)ccc1,0,,,,,,,
50774427,CO[C@@H]1[C@H](C)[C@@H]([C@](OO[C@@]2(C)O3)([C@H]4CC2)[C@@H]3O1)CC[C@H]4C,0,,,,,,,
50774428,C[C@H]1[C@@H]([C@](OO[C@@]2(C)O3)([C@@H]3O[C@@H](OC(CCC(=O)O)=O)[C@@H]4C)[C@H]4CC1)CC2,0,,,,,,,
50774429,CC(Oc1c(C(=O)O)cccc1)=O,0,,,,,,,
50774430,CC(NCC(COc1ccc(CC(=O)N)cc1)O)C,0,,,,,,,
50774431,COc1c(OC)cc(CC2[N+](CCC(OCCCCCOC(CC[N+]3(C(Cc4cc(OC)c(OC)cc4)c(c5CC3)cc(OC)c(OC)c5)C)=O)=O)(C)CCc(c26)cc(OC)c(OC)c6)cc1,0,,,,,,,
50774432,CN([C@@H]1CC2)[C@H]2CC(OC(C(c3ccccc3)CO)=O)C1,0,,,,,,,
50774433,Cn1c(Sc2c(c3ncn2)[nH]cn3)c([N+](=O)[O-])nc1,0,,,,,,,
50774434,CC1([C@H](C(=O)O)N([C@@H]2S1)C(=O)[C@H]2NC([C@@H](c3ccccc3)NC(N4C(=O)NCC4)=O)=O)C,0,,,,,,,
50774435,NCC(c1ccc(Cl)cc1)CC(=O)O,0,,,,,,,
50774436,[O-][N+](c1n(CC(NCc2ccccc2)=O)ccn1)=O,0,,,,,,,
50774437,C[C@@H]1[C@@](C(CO)=O)(O)[C@](C)([C@H]2C1)C[C@H](O)[C@@](F)([C@H]23)[C@](C)(C(=C4)CC3)C=CC4=O,0,,,,,,,
50774438,OC(CCNC(c1ccccc1)=O)=O,0,,,,,,,
50774439,Cc1c(C(c2ccc(C(=O)O)cc2)=C)cc3c(C(C)(C)CCC3(C)C)c1,0,,,,,,,
50774440,CC[C@@H]([C@@H](C(N1[C@H](C(N[C@H](C(N[C@H](C(N[C@H](C(N[C@H](C(=O)O)CC(C)C)=O)Cc2ccc(O)cc2)=O)CCC(=O)O)=O)CCC(=O)O)=O)CCC1)=O)NC([C@@H](NC([C@@H](NC([C@@H](NC([C@@H](NC(CNC([C@@H](NC(CNC(CNC(CNC(CNC([C@H]3N(C([C@@H](NC([C@H]4N(C([C@@H](Cc5ccccc5)N)=O)CCC4)=O)CCCNC(=N)N)=O)CCC3)=O)=O)=O)=O)=O)CC(=O)N)=O)=O)CC(=O)O)=O)Cc6ccccc6)=O)CCC(=O)O)=O)CCC(=O)O)=O)C,0,,,,,,,
50774442,CCN[C@@H]1c(c2S(=O)(=O)N(CCCOC)C1)cc(S(=O)(=O)N)s2,0,,,,,,,
50774443,CCN(CCNC(c1c(OC)cc(N)c(Br)c1)=O)CC,0,,,,,,,
50774444,CN(CCC(c1ncccc1)c2ccc(Br)cc2)C,0,,,,,,,
50774445,OCC([N+](=O)[O-])(CO)Br,0,,,,,,,
50774446,CCCCNc1c(Oc2ccccc2)c(S(=O)(=O)N)cc(C(=O)O)c1,0,,,,,,,
50774627,CCCCN1C(C(Nc2c(C)cccc2C)=O)CCCC1,0,,,,,,,
50774628,CC[C@H](NCCN[C@H](CO)CC)CO,0,,,,,,,
50774629,CCC1(C(=O)NC(=O)C1)C,0,,,,,,,
50774630,CC(NC[C@@H]1OC(=O)N(c2cc(F)c(N3CCOCC3)cc2)C1)=O,0,,,,,,,
50774631,CCN1C(=O)C(=O)N(C(N[C@H](c2ccccc2)C(N[C@@H]3C(=O)N([C@@H]34)[C@@H](C(=O)O)C(C)(C)S4)=O)=O)CC1,0,,,,,,,
50774632,CCCN[C@@H]1Cc(c2CC1)sc(N)n2,0,,,,,,,
50774633,OCCOCCN1CCN(C(c(c2Sc(c34)cccc3)cccc2)=N4)CC1,0,,,,,,,
50774634,CC1(S(=O)(=O)[C@H]2N(C(=O)C2)[C@H]1C(=O)O)C,0,,,,,,,
50774635,CC(Nc1ccc(S(Nc2ccc([N+](=O)[O-])cc2)(=O)=O)cc1)=O,0,,,,,,,
50774636,COc1cc([C@]2([C@H](CN(C)C)CCCC2)O)ccc1,0,,,,,,,
50774637,COc1c(OC)cc(c2c1)c(N)nc(N(CCCNC(C3OCCC3)=O)C)n2,0,,,,,,,
50774638,COCCCOc1c(OC)ccc(C[C@H](C(C)C)C[C@@H]([C@H](C[C@H](C(NCC(C(=O)N)(C)C)=O)C(C)C)O)N)c1,0,,,,,,,
50774639,CC([C@H](C(=O)O)N)(S)C,0,,,,,,,
50774640,Nc1nc(N)c(c2c(Cl)c(Cl)ccc2)nn1,0,,,,,,,
50774641,N#Cc1ccc(C(n2ncnc2)c3ccc(C#N)cc3)cc1,0,,,,,,,
50774642,OC[C@@H]1[C@@H](O)C[C@H](n2c(c3nc2)N=CNC[C@H]3O)O1,0,,,,,,,
50774647,COc1c(OC)c(c2cc1O[C@H]3[C@H](O)[C@@H](O)[C@H](O)[C@@H](CO)O3)C(C(=C4)C(NC(=O)C)CC2)=CC=C(SC)C4=O,0,,,,,,,
50775499,OC(c1c(O)ccc(\N=N\c2ccc(S(Nc3ncccc3)(=O)=O)cc2)c1)=O,0,,,,,,,
50775501,OC(\C=C\C1C(C\C=C/CCCC(=O)O)C(O)CC1O)COc2cc(Cl)ccc2,0,,,,,,,
50775503,CCCCC[C@@H](\C=C\[C@@H]1[C@@H](CCCCCCC(=O)O)C(=O)C[C@H]1O)O,0,,,,,,,
50775504,CC(c1cc2c(c(c3[nH]2)cc(Cl)cc3)cc1)C(=O)O,0,,,,,,,
50775507,CC[C@@]1(C2=C(C(=O)N(C3=C2)Cc(c34)cc(c5n4)c([N+](=O)[O-])ccc5)COC1=O)O,0,,,,,,,
50775511,CC(Oc1c(c2ccc1)C(=O)c(c3C2=O)c(OC(=O)C)cc(C(=O)O)c3)=O,0,,,,,,,
50775512,COc1c(Nc2c(c3nc(c24)cccc4)cccc3)ccc(NS(=O)(=O)C)c1,0,,,,,,,
50775514,CC[C@@H]([C@@H](C(N[C@H](C(N[C@H](C(N[C@H](C(N[C@H](C(N[C@H](C(N[C@H](C(N[C@H](C(N[C@H](C(N[C@H](C(N[C@H](C(N[C@H](C(N[C@H](C(N[C@H](C(N[C@H](C(N[C@H](C(N[C@H](C(N[C@H](C(N[C@H](C(N[C@H](C(N[C@H](C(N[C@H](C(N[C@H](C(N[C@H](C(N[C@H](C(N[C@H](C(N[C@H](C(N[C@H](C(=O)N)Cc1ccccc1)=O)Cc2c(c3[nH]c2)cccc3)=O)CC(=O)N)=O)Cc4c(c5[nH]c4)cccc5)=O)CC(C)C)=O)CO)=O)C)=O)Cc6c(c7[nH]c6)cccc7)=O)CCCCN)=O)CC(=O)O)=O)CC(C)C)=O)CCC(=O)O)=O)CC(C)C)=O)CC(C)C)=O)CCC(=O)O)=O)CCC(=O)N)=O)CCC(=O)O)=O)CC(=O)N)=O)CCCCN)=O)CCC(=O)O)=O)CCC(=O)N)=O)CCC(=O)N)=O)CC(=O)N)=O)CCC(=O)N)=O)CO)=O)CCC(=O)O)=O)CCC(=O)O)=O)NC([C@@H](NC([C@@H](NC([C@@H](NC([C@H]([C@H](CC)C)NC([C@@H](NC([C@@H](NC([C@H]([C@H](O)C)NC([C@@H](NC(=O)C)Cc8ccc(O)cc8)=O)=O)CO)=O)CC(C)C)=O)=O)Cc9[nH]cnc9)=O)CO)=O)CC(C)C)=O)C,0,,,,,,,
50775515,C[C@@](C(=O)O)(Cc1cc(O)c(O)cc1)N,0,,,,,,,
50775517,COc1c(O)c(c([C@@H]2[N+](C)(C)CC3)c3c1)Oc(ccc4C[C@H]5c(c6CCN5C)cc(c(OC)c6)Oc(cc7C2)c(O)cc7)cc4,0,,,,,,,
50775841,OS(Cc1c(c2on1)cccc2)(=O)=N,0,,,,,,,
50775843,CN1CCN(C(OC2c(c3C(=O)N2c4ncc(Cl)cc4)nccn3)=O)CC1,0,,,,,,,
50775846,FC(c1cc(Nc2c(C(OC3c(c4C(=O)O3)cccc4)=O)cccn2)ccc1)(F)F,0,,,,,,,
50775850,CCOC(c1cnc(C#Cc2cc(c3cc2)C(C)(C)CCS3)cc1)=O,0,,,,,,,
50775852,CC(C(=O)NC(=O)N1[C@H]2O[C@@H](CO)[C@H](O)C2)=C1,0,,,,,,,
50775855,CN1C(=O)n(c2N=N1)cnc2C(=O)N,0,,,,,,,
50775856,CC(OC(OCOP(OCOC(OC(C)C)=O)(CO[C@@H](Cn1c(c2nc1)ncnc2N)C)=O)=O)C,0,,,,,,,
50775858,CN(Cc1c(c2ccc1)cccc2)C\C=C\C#CC(C)(C)C,0,,,,,,,
50775862,CC(NCC(c1cc(O)cc(O)c1)O)(C)C,0,,,,,,,
50775868,CC(c1ccc(C(CCCN2CCC(C(c3ccccc3)(c4ccccc4)O)CC2)O)cc1)(C)C,0,,,,,,,
50775871,CN([C@@H]1C(O)=C(C(=O)N)C(=O)[C@](O)([C@H]12)C(O)=C3[C@@H]([C@@](O)(C)c(c4C3=O)cccc4O)C2)C,0,,,,,,,
50775872,CCN(C(SSC(N(CC)CC)=S)=S)CC,0,,,,,,,
50775873,CN1C(=O)N(C)C(=O)c(c12)nc[nH]2,0,,,,,,,
50775875,S=P(N1CC1)(N2CC2)N3CC3,0,,,,,,,
50775876,CCN(CCNC(c1c(OC)ccc(S(=O)(=O)C)c1)=O)CC,0,,,,,,,
50775877,Clc1c(CN2Cc(c3CC2)ccs3)cccc1,0,,,,,,,
50775879,CCN(CCOc1cc(c2cc1)C(=O)c(c23)cc(OCCN(CC)CC)cc3)CC,0,,,,,,,
50775882,CC(NC[C@@H](COc1c(N2CCOCC2)nsn1)O)(C)C,0,,,,,,,
50775887,CCS(CCn1c([N+](=O)[O-])cnc1C)(=O)=O,0,,,,,,,
50775888,NC[C@@H]1[C@@H](O)C[C@@H](N)[C@@H](O[C@H]2[C@H](O)[C@@H](O[C@@H]3[C@H](O)[C@@H](N)[C@H](O)[C@@H](CO)O3)[C@H](N)C[C@@H]2N)O1,0,,,,,,,
50775889,CCCCNC(NS(c1ccc(C)cc1)(=O)=O)=O,0,,,,,,,
50775890,CN(c1cc(C)ccc1)C(Oc2cc(c3cc2)cccc3)=S,0,,,,,,,
50775892,CCOC([C@@H](N[C@H](C(N1[C@H](C(=O)O)C[C@H]([C@@H]12)CCCC2)=O)C)CCc3ccccc3)=O,0,,,,,,,
50775897,Clc1cc(N2CCN(CCCN3C(=O)N(C4=N3)C=CC=C4)CC2)ccc1,0,,,,,,,
50775899,C\C(=C/C=C/C(=C/C(=O)O)/C)\C=C\C(C(C)(C)CCC1)=C1C,0,,,,,,,
50775901,CC(OCC([C@@]1([C@](C)([C@H]2C[C@H]1OC(=O)C)C[C@H](O)[C@@](F)([C@H]23)[C@](C)(C(=C4)CC3)C=CC4=O)O)=O)=O,0,,,,,,,
50775905,Nc1nc(c2c(N)n1)nc(N)c(c3ccccc3)n2,0,,,,,,,
50775907,C[C@@]1([C@@H](O)CC2)[C@@H]2[C@H]3[C@@H]([C@](C)([C@]4([C@@H]5O4)CC3)CC(C#N)=C5O)CC1,0,,,,,,,
50776015,FC(C(CC(c1sccc1)=O)=O)(F)F,0,,,,,,,
50776017,COc1c(N2CCN(CCCNC(N(C)C(=O)N(C)C3=O)=C3)CC2)cccc1,0,,,,,,,
50776018,CC([C@@H](C(OCCOCn1c2c(C(=O)N=C(N)N2)nc1)=O)N)C,0,,,,,,,
50776020,CCCCC(N([C@H](C(=O)O)C(C)C)Cc1ccc(c2c(c3[nH]nnn3)cccc2)cc1)=O,0,,,,,,,
50776022,C(C1CNC2)C2c(c13)cc(c4c3)nccn4,0,,,,,,,
50776025,CC(O[C@@H]1[C@](C)([C@H]2C[C@@H]1[N+]3(CCCCC3)C)CC[C@@H]([C@H]24)[C@](C)([C@H]5CC4)C[C@H](N6CCCCC6)[C@@H](OC(=O)C)C5)=O,0,,,,,,,
50776028,COc1ccc(C(C2(CCCCC2)O)CN(C)C)cc1,0,,,,,,,
50776029,NC(C=C)CCC(=O)O,0,,,,,,,
50776032,OC1(CC(NCC(N2[C@H](C#N)CCC2)=O)(CC3C1)CC4C3)C4,0,,,,,,,
50776034,CC[C@]1(CN2C[C@@H](C[C@@](c3c(OC)cc4c([C@]5([C@@H](N6CC5)[C@@]7(CC)C=CC6)[C@H]([C@](C(OC)=O)(O)[C@@H]7OC(=O)C)N4C=O)c3)(C(OC)=O)c8c(c(c9[nH]8)cccc9)CC2)C1)O,0,,,,,,,
50776039,OCC(N[C@@H]1[C@H](O)[C@@H](O)[C@H](O)[C@](CO)(O)C1)CO,0,,,,,,,
50776040,C[C@H]([C@@](c1c(F)cc(F)cc1)(Cn2ncnc2)O)c3c(F)cncn3,0,,,,,,,
50776041,ONC(CCCCCCC(Nc1ccccc1)=O)=O,0,,,,,,,
50776042,OC(COc1ccc(O)cc1)CNCCNC(N2CCOCC2)=O,0,,,,,,,
50776043,NC1=NC(=O)N([C@@H]2O[C@H](CO)CC2)C=C1,0,,,,,,,
50776045,CCN(c1cc(c2n(c3ncc2)ncc3C#N)ccc1)C(=O)C,0,,,,,,,
50776049,CC(c1sc(c2c1)cccc2)N(C(=O)N)O,0,,,,,,,
50776067,Clc1c(CCN2CCN(c3c(c4sn3)cccc4)CC2)cc(c5c1)CC(=O)N5,0,,,,,,,
50776068,CN(CCc1c(c2[nH]c1)cc(C[C@@H]3NC(=O)OC3)cc2)C,0,,,,,,,
50776347,NCC1C(O)C(O)C(N)C(OC2C(O)C(OC3C(OC4C(N)C(O)C(O)C(CN)O4)C(N)CC(N)C3O)OC2CO)O1,0,,,,,,,
50776349,CN1[C@H](c2cnccc2)CCC1,0,,,,,,,
50776352,[O-][N+](c1cc(c2cc1)C(c3ccccc3)=NCC(=O)N2)=O,0,,,,,,,
50776353,CN1CCN(C(c(c2Nc(c34)cccc3)cc(C)s2)=N4)CC1,0,,,,,,,
50776354,CCOC(C(C[C@H](N)[C@@H](NC(=O)C)[C@@H]1OC(CC)CC)=C1)=O,0,,,,,,,
50776355,Fc1ccc([C@H]2[C@H](COc3cc(c4cc3)OCO4)CNCC2)cc1,0,,,,,,,
50776356,CC(C(=N1)N(C(=O)C(c2[nH]nnn2)=C1)C=C3)=C3,0,,,,,,,
50776359,CCC[C@@H](C(OCC)=O)N[C@H](C(N1[C@H](C(=O)O)C[C@@H]([C@@H]12)CCCC2)=O)C,0,,,,,,,
50776361,NC(CN1C(=O)CCC1)=O,0,,,,,,,
50776365,CC[C@@H](C(O[C@@H]1[C@@H](C2=C[C@@H](O)C1)[C@@H](CC[C@H](C[C@H](CC(=O)O)O)O)[C@@H](C)C=C2)=O)C,0,,,,,,,
50776367,Cc1c(c2ccc(S(=O)(=O)N)cc2)c(c3ccccc3)no1,0,,,,,,,
50776374,CS(c1ccc(C(COC2=O)=C2c3ccccc3)cc1)(=O)=O,0,,,,,,,
50776378,CC(C(=O)NC(=O)N1[C@@H]2O[C@H](CO)[C@@H](N=[N+]=[N-])C2)=C1,0,,,,,,,
50776526,CC(C[C@@H](CC(=O)O)CN)C,0,,,,,,,
50776528,CNNCc1ccc(C(NC(C)C)=O)cc1,0,,,,,,,
50776531,CC(NCC(COc1c(c2ccc1)cccc2)O)C,0,,,,,,,
50776538,CCC(NCC[C@H]1c(c2CC1)c(c3cc2)CCO3)=O,0,,,,,,,
50776540,C#CCN[C@H]1c(c2CC1)cccc2,0,,,,,,,
50776543,Clc1sc(C(NC[C@@H]2OC(=O)N(c3ccc(N4C(=O)COCC4)cc3)C2)=O)cc1,0,,,,,,,
50776544,CC[C@@H]1[C@](O)(C)[C@H](O)[C@@H](C)\C(=N\OCOCCOC)\[C@H](C)C[C@](O)(C)[C@H](O[C@H]2[C@H](O)[C@@H](N(C)C)C[C@@H](C)O2)[C@@H](C)[C@H](O[C@@H]3O[C@@H](C)[C@H](O)[C@@](OC)(C)C3)[C@@H](C)C(=O)O1,0,,,,,,,
50776545,COc1c(OC)cc(c2c1)c(N)nc(N3CCN(C(c4occc4)=O)CC3)n2,0,,,,,,,
50776548,[O-][N+](c1oc(\C=N\N2C(=O)NC(=O)C2)cc1)=O,0,,,,,,,
50776552,CC(c1c(\C=C\[C@H](C[C@H](CC(=O)O)O)O)c(c2ccc(F)cc2)nc(N(S(=O)(=O)C)C)n1)C,0,,,,,,,
50776555,CO\N=C(\c1nc(N)sc1)/C(N[C@@H]2C(=O)N([C@@H]23)C(C(=O)O)=C(CSC(N(C)NC(=O)C4=O)=N4)CS3)=O,0,,,,,,,
50776557,OC(CCCCCCCCC=C)=O,0,,,,,,,
50776558,C[C@@H]1[C@@H](N[C@@H]2[C@H](O)[C@@H](O)[C@H](O)C(CO)=C2)[C@H](O)[C@@H](O)[C@@H](O[C@H]3[C@H](O)[C@@H](O)[C@@H](O[C@H]4[C@H](O)[C@@H](O)C(O)O[C@@H]4CO)O[C@@H]3CO)O1,0,,,,,,,
50776560,Nc1nc(c2c(O)n1)n(COCCO)cn2,0,,,,,,,
50776561,O=C1c(c2N=CN1)cn[nH]2,0,,,,,,,
50776562,CCC1(c2ccc(N)cc2)C(=O)NC(=O)CC1,0,,,,,,,
50776570,CN(CCC[C@]1(c2ccc(F)cc2)c(c3CO1)ccc(C#N)c3)C,0,,,,,,,
50776571,COc1c(O)c(OC)cc([C@@H]2c(c3[C@@H](O[C@H]4[C@H](O)[C@@H](O)[C@@H]([C@@H]5O4)O[C@H](C)OC5)[C@@H]6[C@@H]2C(=O)OC6)cc(c7c3)OCO7)c1,0,,,,,,,
50776572,NC(Nc1scc(CSCCC(NS(=O)(=O)N)=N)n1)=N,0,,,,,,,
50776573,CN1CCN(c2c(F)c3c(C(=O)C(C(=O)O)=CN3CCF)cc2F)CC1,0,,,,,,,
50776574,CCOC(c1c2n(c(c3C(=O)N(C)C2)ccc(F)c3)cn1)=O,0,,,,,,,
50776575,CNCCC(c1ccccc1)Oc2ccc(C(F)(F)F)cc2,0,,,,,,,
50776576,COc1ccc(CC(NCC(c2cc(NC=O)c(O)cc2)O)C)cc1,0,,,,,,,
50776600,OC(P(=O)(O)O)=O,0,,,,,,,
50776601,Nc1nc(c2c(O)n1)n(COC(CO)CO)cn2,0,,,,,,,
50776602,Cc1ccc(S(NC(NN2CC(C3C2)CCC3)=O)(=O)=O)cc1,0,,,,,,,
50776603,NS(c1c(Cl)cc2c(S(=O)(=O)NCN2)c1)(=O)=O,0,,,,,,,
50776604,ClCCNP1(N(CCCl)CCCO1)=O,0,,,,,,,
50776606,NNC(c1ccncc1)=O,0,,,,,,,
50776607,CN1CCC(=C2c(c3CC(=O)c(c24)scc4)cccc3)CC1,0,,,,,,,
50776609,CC[C@@H](C(=O)N)N1C(=O)CCC1,0,,,,,,,
50776627,CC1([C@H](C(=O)O)N([C@@H]2S1)C(=O)[C@H]2NC([C@@H](c3ccc(O)cc3)N)=O)C,0,,,,,,,
50776628,CC(Nc1ccc(O)cc1)=O,0,,,,,,,
50776629,C[C@H]1[C@@H]([C@](OO[C@@]2(C)O3)([C@@H]3OC(=O)[C@@H]4C)[C@H]4CC1)CC2,0,,,,,,,
50776630,CNCC[C@H](c1ccccc1)Oc2c(C)cccc2,0,,,,,,,
50776631,CC[C@@H]1[C@](O)(C)[C@H](O)[C@@H](C)N(C)C[C@H](C)C[C@](O)(C)[C@H](O[C@H]2[C@H](O)[C@@H](N(C)C)C[C@@H](C)O2)[C@@H](C)[C@H](O[C@@H]3O[C@@H](C)[C@H](O)[C@@](OC)(C)C3)[C@@H](C)C(=O)O1,0,,,,,,,
50776632,CCOC(c1ccc(N)cc1)=O,0,,,,,,,
50776633,CC(NCC(COc1ccc(COCCOC(C)C)cc1)O)C,0,,,,,,,
50776634,Nc1c(C(c2ccc(Br)cc2)=O)cccc1CC(=O)O,0,,,,,,,
50776661,ClCCN(P1(OCCCN1)=O)CCCl,0,,,,,,,
50776667,CCCCCCCCCC(N[C@H](C(N[C@H](C(N[C@H](C(N[C@@H]1C(=O)NCC(=O)N[C@@H](CCCN)C(=O)N[C@@H](CC(=O)O)C(=O)N[C@H](C)C(=O)N[C@@H](CC(=O)O)C(=O)NCC(=O)N[C@H](CO)C(=O)N[C@@H]([C@H](CC(=O)O)C)C(=O)N[C@@H](CC(c2c(N)cccc2)=O)C(=O)O[C@@H]1C)=O)CC(=O)O)=O)CC(=O)N)=O)Cc3c(c4[nH]c3)cccc4)=O,0,,,,,,,
50776675,NC(CC[C@H]1C(=O)N[C@@H](CC(=O)N)C(=O)N[C@H](C(N2[C@H](C(N[C@@H](C(NCC(=O)N)=O)CCCNC(=N)N)=O)CCC2)=O)CSSCCC(=O)N[C@@H](Cc3ccc(O)cc3)C(=O)N[C@@H](Cc4ccccc4)C(=O)N1)=O,0,,,,,,,
50776702,CC(Nc1c(I)c(C(=O)O)c(I)c(NC(=O)C)c1I)=O,0,,,,,,,
50776762,CS(OCCCCOS(=O)(=O)C)(=O)=O,0,,,,,,,
50776764,C[C@@H](C(N1[C@H](C(=O)O)CCC1)=O)CS,0,,,,,,,
50776766,COc1c(OCCNCC(COc2c(c3ccc2)c(c4[nH]3)cccc4)O)cccc1,0,,,,,,,
50776816,CO[C@]1(C(=O)N([C@@H]12)C(C(=O)O)=C(CSc3n(C)nnn3)CS2)NC(C4SC(=C(C(=O)O)C(=O)N)S4)=O,0,,,,,,,
50776817,Clc1cc(N2CCNCC2)ccc1,0,,,,,,,
50776818,NS(c1c(Cl)ccc(C2(c(c3C(=O)N2)cccc3)O)c1)(=O)=O,0,,,,,,,
50776819,NC1=NC(=O)N(C[C@H](OCP(=O)(O)O)CO)C=C1,0,,,,,,,
50776821,CN(CCCC1(c2ccc(F)cc2)c(c3CO1)ccc(C#N)c3)C,0,,,,,,,
50776822,CN1C(=O)CC(=O)N(c2ccccc2)c(c13)cc(Cl)cc3,0,,,,,,,
50776824,COc1c(OC)c(OC)c(c2c1)C(C(=C3)[C@@H](NC(=O)C)CC2)=CC=C(OC)C3=O,0,,,,,,,
50776843,COc1ccc([C@H]2[C@@H](OC(=O)C)C(=O)N(CCN(C)C)c(c3S2)cccc3)cc1,0,,,,,,,
50776849,CN(CCc1ccc(NS(=O)(=O)C)cc1)CCOc2ccc(NS(=O)(=O)C)cc2,0,,,,,,,
50776851,C[C@H]1c(c2C(=O)C([C@@H]13)=C(O)[C@@](O)([C@H]4[C@H]3O)C(=O)C(C(=O)N)=C(O)[C@H]4N(C)C)cccc2O,0,,,,,,,
50776856,NCCCC(C(=O)O)(C(F)F)N,0,,,,,,,
50776858,C[C@@H](C(N1[C@H](C(=O)O)CCC1)=O)N[C@H](C(=O)O)CCc2ccccc2,0,,,,,,,
50776861,NC(NCCCC[C@H]1C(=O)NCC(=O)N[C@@H](CC(=O)O)C(=O)N[C@@H](Cc2c(c3[nH]c2)cccc3)C(=O)N([C@@H]4C(=O)N[C@H](C(=O)N)CSSCCC(=O)N1)CCC4)=N,0,,,,,,,
50776934,CC[C@@]1([C@@](C#C)(O)CC2)[C@@H]2[C@H]3[C@@H]([C@H](C(=C4)CC3)CCC4=O)CC1,0,,,,,,,
50776935,CN([C@@H]1C(O)=C(C(=O)N)C(=O)[C@](O)([C@H]12)C(O)=C([C@@H]3C2)C(=O)c(c4C3)c(O)ccc4N(C)C)C,0,,,,,,,
50776936,CN([C@@H]1C[C@H](OC([C@@H](c2ccccc2)CO)=O)C3)[C@@H]3[C@@H]([C@@H]14)O4,0,,,,,,,
50777144,S=C1c(c2N=CN1)[nH]cn2,0,,,,,,,
50777147,C[C@H]([C@H]1C(=O)N([C@@H]12)C(C(=O)O)=C(SCCNC=N)C2)O,0,,,,,,,
50777148,OC\C=C(\[C@H](C(=O)O)N([C@@H]12)C(=O)C1)/O2,0,,,,,,,
50777226,OC(C1c2n(c(C(c3ccccc3)=O)cc2)CC1)=O,0,,,,,,,
50777227,CC[C@@]1(C2=C(C(=O)N(C3=C2)Cc(c34)cc(c5n4)cccc5)COC1=O)O,0,,,,,,,
50777228,OC(Cc1ccc(c2ccccc2)cc1)=O,0,,,,,,,
50777368,CCCCCNC(N\N=C\c1c(c2[nH]c1)cc(OC)cc2)=N,0,,,,,,,
50777394,CN1C(=O)[C@@H]2N([C@H](c3cc(c4cc3)OCO4)c5c(c(c6[nH]5)cccc6)C2)C(=O)C1,0,,,,,,,
50777395,CN1S(=O)(=O)c(c2C(O)=C1C(Nc3ncccc3)=O)ccs2,0,,,,,,,
50777436,NCCCC[C@@H](C(NCC(=O)N)=O)NC([C@H]1N(C([C@H]2NC(=O)[C@H](CC(=O)N)NC(=O)[C@H](CCC(=O)N)NC(=O)[C@H](Cc3ccccc3)NC(=O)[C@H](Cc4ccc(O)cc4)NC(=O)[C@@H](NC(CNC(CNC(CN)=O)=O)=O)CSSC2)=O)CCC1)=O,0,,,,,,,
50777446,CS(c1ccc([C@H]([C@H](NC(C(Cl)Cl)=O)CO)O)cc1)(=O)=O,0,,,,,,,
50777454,CN([C@@H]1C(O)=C(C(=O)N)C(=O)[C@](O)([C@H]12)C(O)=C([C@@H]3C2)C(=O)c(c4C3)c(O)c(NC(CNC(C)(C)C)=O)cc4N(C)C)C,0,,,,,,,
50777456,Clc1c(NC(NCC2)=N2)c(c3cc1)nsn3,0,,,,,,,
50777463,CC1(O[C@H]([C@@H]2O1)[C@@H]([C@@]3(COS(=O)(=O)N)OC2)OC(C)(C)O3)C,0,,,,,,,
50777471,CC1(O[C@](C(CO)=O)([C@@H]2O1)[C@](C)([C@H]3C2)C[C@H](O)[C@@](F)([C@H]34)[C@](C)(C(=C5)CC4)C=CC5=O)C,0,,,,,,,
50777482,COc1c(OC)c(OC)cc(Cc2c(N)nc(N)nc2)c1,0,,,,,,,
50777526,N[C@H](Cc1c(F)cc(F)c(F)c1)CC(N2Cc3n(c(C(F)(F)F)nn3)CC2)=O,0,,,,,,,
50777527,CC(C(=O)NC(=O)N1[C@H]2C=C[C@@H](CO)O2)=C1,0,,,,,,,
50777528,Nc1ccc(S(Nc2ncccn2)(=O)=O)cc1,0,,,,,,,
50777530,CNS(Cc1cc(c2cc1)c(CCN(C)C)c[nH]2)(=O)=O,0,,,,,,,
50777537,Oc1c(c([C@]([C@](O)([C@H]2C3)CCC4=C)([C@H]45)CCN2CC6CC6)c3cc1)O5,0,,,,,,,
50777538,O[C@H]([C@@H]1Oc(c2CC1)ccc(F)c2)CNC[C@@H]([C@H]3Oc(c4CC3)ccc(F)c4)O,0,,,,,,,
50777574,OC(P(=O)(O)O)(P(=O)(O)O)Cn1cncc1,0,,,,,,,
50777769,CCCC(NC(=S)NC1=O)=C1,0,,,,,,,
50777774,CN(CC(c1ccc(Cl)cc1)=O)CCCN2c(c3CCc(c24)cccc4)cccc3,0,,,,,,,
50777777,N[C@@H]1C(=O)N[C@@H](Cc2ccc(O)cc2)C(=O)N[C@@H](Cc3ccccc3)C(=O)N[C@@H](CCC(=O)N)C(=O)N[C@@H](CC(=O)N)C(=O)N[C@H](C(N4[C@H](C(N[C@H](C(NCC(=O)N)=O)CCCNC(=N)N)=O)CCC4)=O)CSSC1,0,,,,,,,
50777778,CC1CCN(CCCC(c2ccc(F)cc2)=O)CC1,0,,,,,,,
50777779,CN(C(N=C(N)N)=N)C,0,,,,,,,
50777780,COc1c(cc2cc1)Oc3cc(c4cc3OC)[C@@H]([N+](C)(C)CC4)Cc(ccc5Oc(c(c67)[C@H]([N+](C)(C)CC6)C2)c(OC)c(OC)c7)cc5,0,,,,,,,
50777795,Nc1[n+]([O-])c(N)nc(N2CCCCC2)c1,0,,,,,,,
50777801,CCOC(\N=C(/O[N-]1)\C=[N+]1N2CCOCC2)=O,0,,,,,,,
50771820,CCCSc1cc(c2cc1)[nH]c(NC(OC)=O)n2,0,,,,,,,
50771823,COc1c(OC)cc(c2c1)c(N)nc(N3CCN(C(C4OCCC4)=O)CC3)n2,0,,,,,,,
50772064,CCCCC[C@@H](\C=C\[C@@H]1[C@@H](C\C=C/CCCC(=O)O)[C@@H](O)C[C@H]1O)O,0,,,,,,,
50772132,Oc1cc2c(C(=O)C(O)=C(c3cc(O)c(O)cc3)O2)c(O)c1,0,,,,,,,
50772141,Cc1sc(SCC(CS[C@H]2N3C(=O)[C@H]2NC(Cn4nnnc4)=O)=C3C(=O)O)nn1,0,,,,,,,
50772151,COc1cc(c2cc1)c(CCNC(=O)C)ccc2,0,,,,,,,
50772158,NC(C(=O)NC=C1c2ccncc2)=C1,0,,,,,,,
50772160,CCOc1ccc(C[C@@H]2C(=O)N[C@@H]([C@H](CC)C)C(=O)N[C@@H]([C@H](O)C)C(=O)N[C@@H](CC(=O)N)C(=O)N[C@H](C(N3[C@H](C(N[C@H](C(NCC(=O)N)=O)CCCN)=O)CCC3)=O)CSSCCC(=O)N2)cc1,0,,,,,,,
50772161,CC(Oc1ccc(C(c2ncccc2)c3ccc(OC(=O)C)cc3)cc1)=O,0,,,,,,,
50772200,CN(CC[C@H](c1ncccc1)c2ccc(Cl)cc2)C,0,,,,,,,
50772201,C[C@H]([C@H]1C(=O)N([C@@H]12)C(C(=O)O)=C(S[C@H]3C[C@@H](CNS(=O)(=O)N)NC3)[C@@H]2C)O,0,,,,,,,
50772205,CC(C(c1cc(Cl)ccc1)=O)NC(C)(C)C,0,,,,,,,
50772206,Nc1scc(\C(\C(N[C@@H]2C(=O)N([C@@H]23)C(C(=O)O)=C(C=C)CS3)=O)=N\OCC(=O)O)n1,0,,,,,,,
50772208,CC1=CC(=O)N(O)C(C2CCCCC2)=C1,0,,,,,,,
50772209,CN(CCCN1c(c2CCc(c13)cccc3)cc(Cl)cc2)C,0,,,,,,,
50772216,COc1c2c(C(=O)C(C(=O)O)=CN2C3CC3)cc(F)c1N4CC(C)NCC4,0,,,,,,,
50772217,CNC1(c2c(Cl)cccc2)C(=O)CCCC1,0,,,,,,,
50772224,OC(c1ccccc1)(C2CCCCC2)CCN3CCCC3,0,,,,,,,
50772225,NC(c1nn([C@H]2[C@H](O)[C@H](O)[C@@H](CO)O2)cn1)=O,0,,,,,,,
50772226,CC(NCC(c1ccc(NS(=O)(=O)C)cc1)O)C,0,,,,,,,
50772229,CN(C(Cc1n(c2nc1c3ccc(C)cc3)cc(C)cc2)=O)C,0,,,,,,,
50772237,FC(C(=O)NC(=O)N1[C@@H]2OCCC2)=C1,0,,,,,,,
50772238,CC(Nc1ccc(\C=N\NC(=S)N)cc1)=O,0,,,,,,,
50772239,CC(N(C(C)C)CC[C@@H](c1c(O)ccc(C)c1)c2ccccc2)C,0,,,,,,,
50772244,COc1cc(c2cc1)c(CCNC(=O)C)c[nH]2,0,,,,,,,
50772245,OCCN1[C@H](CO)[C@@H](O)[C@H](O)[C@@H](O)C1,0,,,,,,,
50772248,CC([C@@H]1CC[C@@H](C(N[C@@H](C(=O)O)Cc2ccccc2)=O)CC1)C,0,,,,,,,
50772288,CS(Nc1c(Oc2ccccc2)cc([N+](=O)[O-])cc1)(=O)=O,0,,,,,,,
50772289,OCCN1CCN(CCCN2c(c3Sc(c24)cccc4)cc(Cl)cc3)CC1,0,,,,,,,
50772302,C1NC(C2Oc(c3OC2)cccc3)=NC1,0,,,,,,,
50772317,NC(N1c(c2C(=O)Cc(c13)cccc3)cccc2)=O,0,,,,,,,
50772319,COc1c(c2ccc1)C(=O)c(c3C2=O)c(O)c(c4c3O)[C@@H](O[C@@H]5O[C@@H](C)[C@H](O)[C@@H](N)C5)C[C@@](C(CO)=O)(O)C4,0,,,,,,,
50772634,CCN1[C@H](CNC(c2c(OC)ccc(S(=O)(=O)N)c2)=O)CCC1,0,,,,,,,
50772636,CCN(CC(Nc1c(C)cccc1C)=O)CC,0,,,,,,,
50772639,NCCCC[C@@H](C(N1[C@H](C(=O)O)CCC1)=O)N[C@H](C(=O)O)CCc2ccccc2,0,,,,,,,
50772642,ClCCN(C(NC1CCCCC1)=O)N=O,0,,,,,,,
50772643,CC(N1CCC(N(c2ccc(Cl)cc2)C(Cc3ccccc3)=O)CC1)C,0,,,,,,,
50772646,Cc1cc(CC(=O)O)c(Nc2c(Cl)cccc2F)cc1,0,,,,,,,
50772647,NCc1ccc(S(=O)(=O)N)cc1,0,,,,,,,
50772649,CNCCCC(c(c12)cccc1)(c(c34)cccc3)CCC24,0,,,,,,,
50772653,COc1c([C@]2(c(c3NC2=O)ccc(C(F)(F)F)c3)F)cc(Cl)cc1,0,,,,,,,
50772658,Cc1c(C)c(Nc2c(C(=O)O)cccc2)ccc1,0,,,,,,,
50772661,N[C@H](C(=O)O)Cc1ccc(N(CCCl)CCCl)cc1,0,,,,,,,
50772663,C[C@H]([C@H]1C(=O)N([C@@H]12)C(C(=O)O)=C(S[C@H]3C[C@@H](C(N(C)C)=O)NC3)[C@@H]2C)O,0,,,,,,,
50772666,OS(CCS)(=O)=O,0,,,,,,,
50772670,CN1C(=S)NC=C1,0,,,,,,,
50772671,CN(c1ccc(C(N[C@H](C(=O)O)CCC(=O)O)=O)cc1)Cc2nc(c3nc2)c(N)nc(N)n3,0,,,,,,,
50772672,CCN(CCNC(c1c(OC)cc(N)c(Cl)c1)=O)CC,0,,,,,,,
50772673,COCCc1ccc(OCC(CNC(C)C)O)cc1,0,,,,,,,
50772674,Cc1n(CCO)c([N+](=O)[O-])cn1,0,,,,,,,
50772677,CC(COc1c(C)cccc1C)N,0,,,,,,,
50772680,CN1CC2N(c(c3Cc(c24)cccc4)nccc3)CC1,0,,,,,,,
50772682,NC(c1c(O)n([C@H]2[C@H](O)[C@H](O)[C@@H](CO)O2)cn1)=O,0,,,,,,,
50772684,Clc1ccc(C(NCCN2CCOCC2)=O)cc1,0,,,,,,,
50772686,COc1c2c(C(=O)C(C(=O)O)=CN2C3CC3)cc(F)c1N4C[C@H]([C@@H]5C4)NCCC5,0,,,,,,,
50772690,C[C@@H]([C@@H]([C@H]1[C@H](C[C@@H]2[C@@H](O)[C@@H](O)[C@H](C\C(=C\C(OCCCCCCCCC(=O)O)=O)\C)OC2)O1)C)O,0,,,,,,,
50772691,CC(NCC(COc1c(c2ccc1)CC(O)C(O)C2)O)(C)C,0,,,,,,,
50772692,Oc1c(c([C@]([C@](O)([C@H]2C3)CCC4=O)([C@H]45)CCN2CC=C)c3cc1)O5,0,,,,,,,
50772693,COc1cc(c2cc1)ccc([C@@H](C(=O)O)C)c2,0,,,,,,,
50772696,C[C@@H]1[C@@H](O)[C@H](N)[C@H](O)[C@H](O[C@H]2\C=C\C=C\C=C\C=C\C[C@@H](C)OC(=O)\C=C\[C@H]([C@H]3C[C@H](O)C[C@@]4(O)O[C@H]([C@H](C(=O)O)[C@@H](O)C4)C2)O3)O1,0,,,,,,,
50772697,CN1Cc(c2C(c3ccccc3)OCC1)cccc2,0,,,,,,,
50754055,CNC[C@@H](Cc1cc(C(NCC2(CC3C4)CC(CC4C2)C3)=O)c(Cl)cc1)O,0,,,,,,,
50753460,CC(\N=C(\C(Nc1ccc(Cl)cc1)=C2)/C=C3C2=Nc(c4N3c5ccc(C)cc5)cccc4)C,0,,,,,,,
50754280,CN1Cc2c(n(CCc3cnc(C)cc3)c(c24)ccc(C)c4)CC1,0,,,,,,,
50753726,CCN(C(CN1c(c2Sc(c13)cccc3)cccc2)C)CC,0,,,,,,,
50753491,CC(C(Oc1ccc(S(Nc2c(C(NCC(=O)O)=O)cccc2)(=O)=O)cc1)=O)(C)C,0,,,,,,,
50754329,[O-][N+](c1ccc(c2oc(\C=N\N3C(=O)NC(=O)C3)cc2)cc1)=O,0,,,,,,,
50753949,COc1c(OC)cc(c2c1)C(=O)C(CC3CCN(Cc4ccccc4)CC3)C2,0,,,,,,,
50754547,CCN(C(C(c1ccccc1)CO)=O)Cc2ccncc2,0,,,,,,,
50754072,CCN(CCOC(C(c1ccccc1)c2ccccc2)=O)CC,0,,,,,,,
50753446,CC(C(C)(C)C)N\C(=N/C#N)\Nc1ccncc1,0,,,,,,,
50754447,CCCCCC(C1C(=O)OC(C)C(O)\C=C\C=C\C=C\C=C\C=C(\C)/C(O)CC(O)CC(O)CC(O)CC(O)CC(O)CC1O)O,0,,,,,,,
50754174,CCS(c1cc(F)c(c2c(OCC(=O)O)ccc(Cl)c2)cc1)(=O)=O,0,,,,,,,
50753531,C[C@@H](C(=O)N)NCc1ccc(OCc2c(F)cccc2)cc1,0,,,,,,,
51026621,COc1c(OC)cc(CCN(CCC[C@](c2cc(OC)c(OC)cc2)(C(C)C)C#N)C)cc1,0,,,,,,,
50753613,CC(C(=O)O)(Oc1ccc(CCNC(c2ccc(Cl)cc2)=O)cc1)C,0,,,,,,,
50754514,CCCCOC(c1ccc(N)cc1)=O,0,,,,,,,
50753268,NC(c1cc([N+](=O)[O-])cc([N+](=O)[O-])c1)=O,0,,,,,,,
50754091,COc1c(C(F)(F)F)c(c2cc1)cccc2C(N(CC(=O)O)C)=S,0,,,,,,,
50754045,CN([C@@H]1CC2)[C@@H]2C[C@@H](OC(c3ccccc3)c4ccccc4)C1,0,,,,,,,
51026622,C[C@@H]([C@@H]1[C@](C)([C@H]2CC1)CC[C@@H]([C@H]23)[C@](C)([C@@H]4CC3)CC[C@@H](O)C4)CCC(NCCS(=O)(=O)O)=O,0,,,,,,,
50753575,COc1c(OC)c(OC)cc(Nc2nc(Nc3nc(c4cc3)NC(=O)C(C)(C)O4)c(F)cn2)c1,0,,,,,,,
50753497,CCc1c(c2ccc(Cl)cc2)c(N)nc(N)n1,0,,,,,,,
50753270,CC(C1C(C)(C2CC1)C(=O)CC3C2C(=O)CC(C34C)CC(=O)CC4)CCC(=O)O,0,,,,,,,
50375435,Cc1c(C(N[C@@H]2C(=O)N([C@@H]23)[C@@H](C(=O)O)C(C)(C)S3)=O)c(c4c(Cl)cccc4F)no1,0,,,,,,,
51026623,Oc1cc(c2c(O)c1)O[C@H](c3cc(O)c(O)c(O)c3)[C@H](OC(c4cc(O)c(O)c(O)c4)=O)C2,0,,,,,,,
50753998,FC(COc1cc(C(NCC2NCCCC2)=O)c(OCC(F)(F)F)cc1)(F)F,0,,,,,,,
50375250,Cc1c(C(N[C@@H]2C(=O)N([C@@H]23)[C@@H](C(=O)O)C(C)(C)S3)=O)c(c4c(Cl)cccc4)no1,0,,,,,,,
50753860,CC(c1cnccc1)(C(c2cnccc2)=O)C,0,,,,,,,
50754303,CN(C\C=C(/c1cnccc1)\c2ccc(Br)cc2)C,0,,,,,,,
50754415,OC(c1ccc(NC([C@@H](NC(c2ccccc2)=O)Cc3ccc(O)cc3)=O)cc1)=O,0,,,,,,,
50754418,C[C@@]1([C@](C(CO)=O)(O)[C@H](O)C2)C2C3[C@]([C@](C)(C(=C4)CC3)C=CC4=O)(F)[C@@H](O)C1,0,,,,,,,
50754006,OC(Cc1c(Oc2c(Cl)cc(Cl)cc2)cccc1)=O,0,,,,,,,
50753735,OC(COc1c(C#N)cccc1)CNCCNC(Cc2ccc(O)cc2)=O,0,,,,,,,
50754064,CC(CN1C(=O)N(C)C(=O)c(c12)c(C(N3OC[C@@H](O)C3)=O)c(Cc4c(C)[nH]nc4C)s2)C,0,,,,,,,
50754319,C[C@@]1([C@](C(CO)=O)(O)CC2)[C@@H]2[C@H]3[C@@H]([C@](C)(C(=C4)CC3)CCC4=O)[C@@H](O)C1,0,,,,,,,
50754308,COC([C@@H]1[C@H]([C@H]2CC[C@@H]1O)C[C@H](N3C2)c4c(c(c5[nH]4)cccc5)CC3)=O,0,,,,,,,
50754518,C[C@@H]1[C@@H](O)[C@@H](O)C[C@H](O[C@@H]2[C@@H](C)O[C@@H](O[C@@H]3[C@@H](C)O[C@@H](O[C@@H]4C[C@@H]5[C@]([C@@H]6[C@H]([C@](O)([C@]7(C)[C@H](O)C6)CC[C@@H]7C(COC8=O)=C8)CC5)(C)CC4)C[C@@H]3O)C[C@@H]2O)O1,0,,,,,,,
50753404,CCCc1c2c(C(=O)C=C(C(=O)O)O2)c(OCC(O)C)cc1,0,,,,,,,
50754168,CCCCOc1ccc(C(CCN2CCCCC2)=O)cc1,0,,,,,,,
50754322,CCN1C(CNC(c2c(OC)ccc(S(=O)(=O)N)c2)=O)CCC1,0,,,,,,,
50754533,CC(NC(C(c1ccc(O)cc1)O)C)CCc2ccccc2,0,,,,,,,
50754542,Cc1ccc(S(NC(NN2CCCCCC2)=O)(=O)=O)cc1,0,,,,,,,
50753544,CC(c1ccccc1)(NC(CN)=O)Cc2ccccc2,0,,,,,,,
50754100,Cc1ccc(\C(\c2ncccc2)=C/CN3CCCC3)cc1,0,,,,,,,
50753277,CC([N+](C(C)C)(CCOC(C1c(c2Oc(c13)cccc3)cccc2)=O)C)C,0,,,,,,,
50753267,CCOCn1c(c2nc1)C(=O)N(CCCCC(O)(C)C)C(=O)N2C,0,,,,,,,
50754464,CCCCOc1c(N)ccc(C(OCCN(CC)CC)=O)c1,0,,,,,,,
50753654,CN1CCN(CC(N2c(c3NC(=O)c(c24)csc4C)cccc3)=O)CC1,0,,,,,,,
50753739,CCCCCC(\C=C\[C@@H]1[C@@H](C\C=C/CCCC(=O)O)[C@@H](O)C[C@H]1O)(O)C,0,,,,,,,
50753981,NCCS,0,,,,,,,
50753402,NC(N\N=C\c1c(Cl)cccc1Cl)=N,0,,,,,,,
50754551,CC(NC[C@@H]1OC(=O)N(c2cc(F)c(n3cc(Br)nc3)cc2)C1)=O,0,,,,,,,
50754411,CC1([C@@H](O)[C@H](N2C(=O)CCC2)c(c3O1)cc(C#N)cc3)C,0,,,,,,,
50753977,Oc1c(c2c(Cl)cc1)nccc2,0,,,,,,,
50754444,CCCc1c2c(C(=O)C=C(C(=O)O)O2)cc(c13)c(C(F)(F)F)cc(C(=O)O)n3,0,,,,,,,
50753678,Nc1cc(C(=O)O)c(O)cc1,0,,,,,,,
50753965,c1cc2c(c(c3s2)cccc3)cc1,0,,,,,,,
50753261,CN1C2c(c3CC1)c(c(c4C2)c(O)c(O)cc4)ccc3,0,,,,,,,
50375464,COc1c(C(NCc2cnccc2)=O)cc(C(NCc3cnccc3)=O)cc1,0,,,,,,,
50753576,CC([C@@H](C(N[C@H](C(N[C@@H]1C(=O)N(C)CCc(c12)cccc2)=O)C)=O)O)C,0,,,,,,,
50754556,CCOc1c(C(OC)=O)ccc(NC(=O)C)c1,0,,,,,,,
50754532,CCCCN(CCCOC(c1ccc(N)cc1)=O)CCCC,0,,,,,,,
50754117,COc1cc(C)c(N2C(=O)C(=C3C(=O)N2)C(=O)c(c4N3)ccc(Cl)c4)cc1,0,,,,,,,
50754537,CC(OC(c1ccccc1)=O)CNC2CCCCC2,0,,,,,,,
50753219,CN1CCC(OC(c2ccccc2)c3ccccc3)CC1,0,,,,,,,
50753660,CCCCNc1ccc(C(OCCN(C)C)=O)cc1,0,,,,,,,
50753378,CC(C(CN1CC(OC2C1)CN(CCCNc3ccc(C#N)cc3)C2)=O)(C)C,0,,,,,,,
50753663,c1scc(c2[nH]c(c3n2)cccc3)n1,0,,,,,,,
50754355,CC(NC(C(c1ccc(O)cc1)O)C)COc2ccccc2,0,,,,,,,
50375358,CC(Cc1ccc(C(C(=O)O)C)cc1)C,0,,,,,,,
50753408,CCCc1c2c(C(=O)C=C(C(=O)O)O2)cc(c13)CCCC3,0,,,,,,,
50754093,CCN(c1n(c2nc(C)c1)ncn2)CC,0,,,,,,,
50753476,CCCN1[C@H](C(Nc2c(C)cccc2C)=O)CCCC1,0,,,,,,,
50753282,CC(NCC(c1cc(C(=O)N)c(O)cc1)O)CCc2ccccc2,0,,,,,,,
50375410,OC(c1c(c2nc(c3ccccc3)c1)cccc2)=O,0,,,,,,,
50754060,CC(N1C(=O)N(C)C(=O)c(c12)c(C(N3OC[C@@H](O)C3)=O)c(Cc4c(C)[nH]nc4C)s2)C,0,,,,,,,
50753641,CC(c1cc(F)c(c2ccccc2)cc1)C(=O)O,0,,,,,,,
50739689,CC(N(Cc1ccccc1)CCCl)COc2ccccc2,0,,,,,,,
50739706,CC(NCCc1cc(O)c(O)cc1)CCc2ccc(O)cc2,0,,,,,,,
50739697,O=C1C(C2=NC=N1)=CNN2,0,,,,,,,
50375355,CN1Cc(c2C(c3ccccc3)C1)c(N)ccc2,0,,,,,,,
50375368,C[N+](CC(=O)O)(C)C,0,,,,,,,
50375399,OC(c1c(O)cccc1)=O,0,,,,,,,
50375421,CCCC(C(=O)O)CCC,0,,,,,,,
50375422,NCCc1cc(O)c(O)cc1,0,,,,,,,
50375429,Cc1c(O)c(CO)c(CO)cn1,0,,,,,,,
50375431,OC[C@@H]1[C@@H](O)[C@H](F)[C@H](N2C(=O)NC(=O)C(I)=C2)O1,0,,,,,,,
50375436,CC(NCC(c1cc(O)c(O)cc1)O)C,0,,,,,,,
50375443,OC(COc1c(c2ccc1)C(=O)C=C(C(=O)O)O2)COc3c(c4ccc3)C(=O)C=C(C(=O)O)O4,0,,,,,,,
50375455,CN(CCN(c1ncccc1)Cc2sccc2)C,0,,,,,,,
50375457,NNc1c(c2c(NN)nn1)cccc2,0,,,,,,,
50375463,CN[C@@H]1[C@H](O[C@@H]2[C@](C=O)(O)[C@H](C)O[C@H]2O[C@@H]3[C@@H](NC(=N)N)[C@H](O)[C@@H](NC(=N)N)[C@H](O)[C@H]3O)O[C@@H](CO)[C@H](O)[C@H]1O,0,,,,,,,
50375475,CN(Cc1ccccc1)CC#C,0,,,,,,,
50375481,NC(OCC(c1ccccc1)COC(=O)N)=O,0,,,,,,,
50375249,N[C@H]1C(=O)NOC1,0,,,,,,,
50375313,OC(Cc1nc(c2ccc(Cl)cc2)sc1)=O,0,,,,,,,
50375318,CNC(Oc1cc(c2cc1)[C@@](C)([C@H]3N2C)CCN3C)=O,0,,,,,,,
50375334,CC(NCC(COc1ccc(NC(=O)C)cc1)O)C,0,,,,,,,
50753335,Cc1c(OCC(CO)O)cccc1,0,,,,,,,
50753336,C[N+]1(CC(OC(C(c2ccccc2)(c3ccccc3)O)=O)CCC1)C,0,,,,,,,
50753339,CC1(CC(CC2C1)(N)CC3(C)C2)C3,0,,,,,,,
50753353,OC(CCCC[C@H]1SSCC1)=O,0,,,,,,,
50753355,Cc1c(C)nc(C)c(C)n1,0,,,,,,,
50753360,C1SC(N2C1)=N[C@@H](c3ccccc3)C2,0,,,,,,,
50753368,OC(c1c(O)cc(NC(c2ccccc2)=O)cc1)=O,0,,,,,,,
50753397,NCCCC(CC(NCC1C(=O)N\C(=C/NC(=O)N)\C(=O)NC(C2NC(=N)NCC2)C(=O)NCC(N)C(=O)NC(CO)C(=O)N1)=O)N,0,,,,,,,
50753398,CC(C(N[C@H](C(=O)O)CS)=O)C,0,,,,,,,
50753411,C[n+]1c(C=NO)cccc1,0,,,,,,,
50753450,CN\C(=C/[N+](=O)[O-])\NCCSCc1oc(CN(C)C)cc1,0,,,,,,,
50753479,OC[C@@H]1[C@@H](O)[C@H](O)[C@@H](O)[C@H](Oc2c(CO)cccc2)O1,0,,,,,,,
50753480,OC(c1c(OC(c2c(O)cccc2)=O)cccc1)=O,0,,,,,,,
50753481,CN([C@@H]1C[C@@H](OC([C@@H](c2ccccc2)CO)=O)C3)[C@@H]3[C@@H]([C@H]14)O4,0,,,,,,,
50753482,CCN(CCNC(c1ccc(NS(=O)(=O)C)cc1)=O)CC,0,,,,,,,
50753496,CN(C(Oc1c[n+](C)ccc1)=O)C,0,,,,,,,
50753567,CN=C(NC(Nc1c(C)cccc1C)=O)N,0,,,,,,,
50753573,CC[C@@H]1[C@](O)(C)[C@@H](O)[C@@H](C)N(C)C[C@H](C)C[C@](O)(C)[C@H](O[C@H]2[C@H](O)[C@@H](N(C)C)C[C@@H](C)O2)[C@@H](C)[C@@H](O[C@@H]3O[C@@H](C)[C@H](O)[C@@](OC)(C)C3)[C@@H](C)C(=O)O1,0,,,,,,,
50753574,OC(c1c(S)cccc1)=O,0,,,,,,,
50753579,NC(N(O)C(=N)N=C1N2CCCCC2)=C1,0,,,,,,,
50753582,CNC(Oc1cc(c2cc1)C(C)(C3N2C)CCN3C)=O,0,,,,,,,
50753199,CN1CCN(CC(N2c(c3NC(=O)c(c24)cccc4)nccc3)=O)CC1,0,,,,,,,
50753208,CCCSc1nc(c2c(N)n1)n([C@H]3[C@H](O)[C@H](O)[C@@H](CO)O3)cn2,0,,,,,,,
50753217,Nc1n(c2nc(NCCN3CCOCC3)n1)nc(c4occc4)n2,0,,,,,,,
50753237,C[N+](CC(CC(=O)O)O)(C)C,0,,,,,,,
50753239,CCC1C(=O)OCC1Cc2n(C)cnc2,0,,,,,,,
50753251,CC(NC[C@@H]1OC(=O)N(c2cc(F)c(C(CCN(C(CO)=O)C3)=C3)c(F)c2)C1)=O,0,,,,,,,
50753258,NC(c1c(Cl)cc([N+](=O)[O-])cc1)=O,0,,,,,,,
50753265,CCCc1nc(N)c(C[n+]2c(C)cccc2)cn1,0,,,,,,,
50753273,CC1(N([O])C(C)(C)CC(O)C1)C,0,,,,,,,
50754039,CCCSc1nc(c2c(N)n1)n([C@H]3[C@H](O)[C@H](O)[C@@H](COP(OP(C(P(=O)(O)O)(Cl)Cl)(=O)O)(=O)O)O3)cn2,0,,,,,,,
50754040,CC([C@H](C(NCCCO)=O)O)(CO)C,0,,,,,,,
50753588,CC(CSC1N2C(=O)[C@H]1NC(C(C(CC=CC3)=C3)N)=O)=C2C(=O)O,0,,,,,,,
50753589,CCCNC(COC(c1ccccc1)=O)(C)C,0,,,,,,,
50753591,CCC1(c2ccccc2)C(=O)N(C)C(=O)N1,0,,,,,,,
50753595,CCN(CCOC(c1c(Cl)cc(N)cc1)=O)CC,0,,,,,,,
50753597,CC(NCC(COc1c(c2ccc1)CCC(=O)N2)O)(C)C,0,,,,,,,
50753598,CCOC(N1C(=S)N(C)C=C1)=O,0,,,,,,,
50753600,C[N+](CCOC(=O)N)(C)C,0,,,,,,,
50753601,COc1c(OC)c(OC)cc(C(NCCCCCC(=O)O)=O)c1,0,,,,,,,
50753602,CSCCNc1c(c2nc(SCCC(F)(F)F)n1)ncn2[C@H]3[C@H](O)[C@H](O)[C@@H](COP(OP(C(P(=O)(O)O)(Cl)Cl)(=O)O)(=O)O)O3,0,,,,,,,
50753610,CC[N+](Cc1c(Br)cccc1)(C)C,0,,,,,,,
50753614,CC(NCC(COc1ccc(CCOCC2CC2)cc1)O)C,0,,,,,,,
50753620,NNc1c(c2cnn1)cccc2,0,,,,,,,
50753622,NCCc1nc[nH]c1,0,,,,,,,
50753623,OC(c1cc(O)c(O)cc1)CNCCCCCCNCC(c2cc(O)c(O)cc2)O,0,,,,,,,
50753624,CC(NCCCCCCNC(=O)C)=O,0,,,,,,,
50753628,NC(NCCN1CCCCCCC1)=N,0,,,,,,,
50753629,COc1c(O)cccc1,0,,,,,,,
50753638,NC(NC(=C1C2=O)NCC(CNc3ccc(C(N[C@H](C(=O)O)CCC(=O)O)=O)cc3)N1C=O)=N2,0,,,,,,,
50753662,O=C1c(c2C(=O)N1C3C(=O)NC(=O)CC3)cccc2,0,,,,,,,
50753669,C[C@@H]([C@@H](c1cc(O)ccc1)O)N,0,,,,,,,
50753674,CC(NCC(c1cc(O)cc(O)c1)O)C,0,,,,,,,
50753682,COc1ccc(CN(c2ncccc2)CCN(C)C)cc1,0,,,,,,,
50753703,O=C1Oc(c2C=C1)cccc2,0,,,,,,,
50753720,CCOC(=O)N,0,,,,,,,
50753727,CCc1nccc(C(=S)N)c1,0,,,,,,,
50753730,C[C@@]1(C(=O)CC2)[C@@H]2[C@H]3[C@@H](c(c4CC3)ccc(O)c4)CC1,0,,,,,,,
50753731,C[C@@]1([C@@H](O)[C@H](O)C2)[C@@H]2[C@H]3[C@@H](c(c4CC3)ccc(O)c4)CC1,0,,,,,,,
50753736,CCCN1C(=O)NC(=O)c(c12)[nH]cn2,0,,,,,,,
50753741,CN1[C@@H](C(Nc2c(C)cccc2C)=O)CCCC1,0,,,,,,,
50753752,OC[C@@H]1[C@@H](O)C[C@H](N2C(=O)NC(=O)C(C(F)(F)F)=C2)O1,0,,,,,,,
50753754,C[N+]([C@@H]1C[C@@H](OC(C(c2sccc2)(c3sccc3)O)=O)C4)([C@@H]4[C@@H]([C@@H]15)O5)C,0,,,,,,,
50753295,CCC(C(c1cc(O)c(O)cc1)O)NC(C)C,0,,,,,,,
50753302,C(C1CCNCC1)Cc2c(c3[nH]c2)cccc3,0,,,,,,,
50753314,OC(CCC(Nc1ccc(S(Nc2sccn2)(=O)=O)cc1)=O)=O,0,,,,,,,
50753319,Nc1ccc(S(Nc2nnc(Cl)cc2)(=O)=O)cc1,0,,,,,,,
50753324,COc1nc(OC)nc(NS(c2ccc(N)cc2)(=O)=O)c1,0,,,,,,,
50753325,Cc1nc(NS(c2ccc(N)cc2)(=O)=O)nc(C)c1,0,,,,,,,
50753327,COc1c(OC)c(NS(c2ccc(N)cc2)(=O)=O)ncn1,0,,,,,,,
50753330,Cc1nc(NS(c2ccc(N)cc2)(=O)=O)ncc1,0,,,,,,,
50753331,Cc1sc(NS(c2ccc(N)cc2)(=O)=O)nn1,0,,,,,,,
50754137,CCCCc1cc(c2cc1)nc(NC(OC)=O)[nH]2,0,,,,,,,
50754144,CN(CCC(c1ncccc1)c2ccccc2)C,0,,,,,,,
50754147,NC(NC(Cc1ccccc1)=O)=O,0,,,,,,,
50754150,Cc1ccc(N(c2cc(O)ccc2)CC(NCC3)=N3)cc1,0,,,,,,,
50754151,CC(CCCC(CCCC(CCC\C(=C\CC(C(=O)c(c1C2=O)cccc1)=C2C)\C)C)C)C,0,,,,,,,
50754162,CCN(CCOC(c1ccc(N)cc1)=O)CC,0,,,,,,,
50754176,CCCCC[C@@H](\C=C\[C@@H]1[C@@H](C\C=C/CCCC(=O)O)C(=O)C[C@H]1O)O,0,,,,,,,
50754177,C[C@H]1[C@H](O)[C@@H](O)[C@@H](O)[C@H](O[C@@H]2C[C@](O)([C@]3(CO)[C@H](O)C2)CC[C@H]([C@@H]34)[C@](O)([C@]5(C)C[C@H]4O)CC[C@@H]5C(COC6=O)=C6)O1,0,,,,,,,
50754197,NC[C@H]1[C@@H](O)[C@H](O)[C@@H](N)[C@@H](O[C@H]2[C@@H](O)[C@H](O[C@H]3[C@H](O[C@@H]4[C@H](N)[C@@H](O)[C@H](O)[C@@H](CO)O4)[C@@H](N)C[C@@H](N)[C@@H]3O)O[C@@H]2CO)O1,0,,,,,,,
50754261,CCCc1c2c(C(=O)C=C(C(=O)O)O2)cc(c13)C(=O)C=C(C(=O)O)O3,0,,,,,,,
50754263,CCCc1c2c(C(=O)C=C(C(=O)O)O2)cc(c13)c(O)cc(C(=O)O)n3,0,,,,,,,
50754270,NC[C@@H](c1cc(O)c(O)cc1)O,0,,,,,,,
50754284,CC(NS(c1ccc(NC(c2c(C(=O)O)cccc2)=O)cc1)(=O)=O)=O,0,,,,,,,
50754290,CC(Sc1cc(C(C)(C)C)c(O)c(C(C)(C)C)c1)(Sc2cc(C(C)(C)C)c(O)c(C(C)(C)C)c2)C,0,,,,,,,
50753757,CN([C@@H]1CC2)[C@@H]2C[C@@H](OC([C@@H](c3ccccc3)CO)=O)C1,0,,,,,,,
50753758,OC(c1c(c2ncc1)cccc2)C3N(CC(C=C)C4C3)CC4,0,,,,,,,
50753760,CN[C@]1(C(C)(C)[C@@H](C[C@@H]12)CC2)C,0,,,,,,,
50753761,N[C@H]1[C@H](c2ccccc2)C1,0,,,,,,,
50753764,NCCCC(CC(N[C@@H]1C(=O)N[C@@H](CO)C(=O)N[C@@H](CO)C(=O)N\C(=C/NC(=O)N)\C(=O)N[C@@H](C2NC(=N)NC(O)C2)C(=O)NC1)=O)N,0,,,,,,,
50753765,C\C(\c1nc(N)sc1)=N/OC(C(=O)O)(C)C,0,,,,,,,
50753785,CN([C@@H]1CC2)[C@@H]2C[C@@H](OC(C(c3ccccc3)CO)=O)C1,0,,,,,,,
50753794,CN([C@@H]1C(O)=C(C(=O)N)C(=O)[C@](O)(C12)C(O)=C3C([C@@](O)(C)c(c4C3=O)cccc4O)C2)C,0,,,,,,,
50753818,CN(CCOC(c1c(C)cccc1)c2ccccc2)C,0,,,,,,,
50753828,CCCc1c2c(C(=O)C=C(C(=O)O)N2CC)cc(c13)C(=O)C=C(C(=O)O)O3,0,,,,,,,
50753847,C(c1c(c2ccc1)cccc2)C(NCC3)=N3,0,,,,,,,
50753854,CCCc1c2c(C(=O)C=C(C(=O)O)O2)cc(c13)c(NC)cc(C(=O)O)n3,0,,,,,,,
50753861,CN(c1c(I)c(C(N[C@@H]2[C@@H](O)[C@H](O)[C@@H](CO)O[C@@H]2O)=O)c(I)c(NC(=O)C)c1I)C(=O)C,0,,,,,,,
50753864,CC(NC(=S)NC1=O)=C1,0,,,,,,,
50753872,COc1c(OCC(COC(=O)N)O)cccc1,0,,,,,,,
50753947,CN(CCOC(c1ncccc1)(c2ccccc2)C)C,0,,,,,,,
50753948,Oc1c(O)cc(CCNCCCCCCNCCc2ccccc2)cc1,0,,,,,,,
50753951,CCCCCCCCCCCCCCCCCCCCCCO,0,,,,,,,
50753954,CN1C(=O)N(C)C(=O)c(c12)n(CC(CO)O)cn2,0,,,,,,,
50753959,Oc1c(c2c(I)cc1I)nccc2,0,,,,,,,
50753962,O=C1c(c2CN(N13)C(=O)c(c4C3)cccc4)cccc2,0,,,,,,,
50753970,OC(c1ccc(OCCn2cncc2)cc1)=O,0,,,,,,,
50753999,CC(NCC(c1cc(O)cc(O)c1)O)Cc2ccc(O)cc2,0,,,,,,,
50754003,CN1C(NC(Nc2cc(Cl)ccc2)=O)=NC(=O)C1,0,,,,,,,
50754008,COC([C@@H](NC([C@H](CC(=O)O)N)=O)Cc1ccccc1)=O,0,,,,,,,
50754011,COC(C(CN(C)CC1)=C1)=O,0,,,,,,,
50754015,C(C(NCC1)=N1)N(c2ccccc2)Cc3ccccc3,0,,,,,,,
50754030,Nc1ccc(C(NCC(=O)O)=O)cc1,0,,,,,,,
50754031,NC(NC(c1c(N)nc(N)c(Cl)n1)=O)=N,0,,,,,,,
50754033,CN(c1nc(N(C)C)nc(N(C)C)n1)C,0,,,,,,,
50754558,CC(OC(=O)N)C[N+](C)(C)C,0,,,,,,,
50754296,CCCOc1cc(c2cc1)nc(NC(OC)=O)[nH]2,0,,,,,,,
50754297,CN1C(=O)C(c2ccccc2)CC1=O,0,,,,,,,
50754301,Cc1c(NC(SCCC2)=N2)c(C)ccc1,0,,,,,,,
50754307,Oc1c(c([C@]([C@](O)([C@H]2C3)CCC4=O)([C@H]45)CCN2CC6CC6)c3cc1)O5,0,,,,,,,
50754309,CN[C@H]1C(O[C@@H]2[C@](C=O)(O)C(C)OC2OC3C(NC(=N)N)C(O)C(NC(=N)N)C(O)C3O)O[C@H](CO)[C@@H](O)[C@@H]1O,0,,,,,,,
50754310,CN([C@@H]1CC2)[C@@H]2C[C@@H](OC(C(c3ccccc3)O)=O)C1,0,,,,,,,
50754313,COc1cc(C(C(N)C)O)c(OC)cc1,0,,,,,,,
50754325,OC(C(=O)C(O)=C(O)C1=O)=C1O,0,,,,,,,
50754327,CC(NC[C@H](c1cc(CO)c(O)cc1)O)(C)C,0,,,,,,,
50754332,NC(c1c(O)cccc1)=O,0,,,,,,,
50754350,NCC1(CCCCC1)CC(=O)O,0,,,,,,,
50754351,NC(Nc(c1C2=O)ncc(CNc3ccc(C(N[C@H](C(=O)O)CCC(=O)O)=O)cc3)n1)=N2,0,,,,,,,
50754353,COc1cc(N2C3(CCCCC3)N=C(N)N=C2N)ccc1,0,,,,,,,
50754437,CCN1CCN(c2c(F)cc(c3c2)C(=O)C(C(=O)O)=CN3C4CC4)CC1,0,,,,,,,
50754445,CCCc1c2c(C(=O)C=C(C(=O)O)O2)cc(c13)c(N(C(=O)C)C)cc(C(=O)O)n3,0,,,,,,,
50754450,Cc1noc(c2c(F)cc(N3C(=O)O[C@@H](Cn4nncc4)C3)cc2)c1,0,,,,,,,
50754470,CC(CS[C@H]1N2C(=O)[C@H]1NC([C@H](c3ccc(O)cc3)N)=O)=C2C(=O)O,0,,,,,,,
50754496,Nc1c(C(NCC(=O)O)=O)cccc1,0,,,,,,,
50754510,Nc1c(c2ncn1)nc[nH]2,0,,,,,,,
50754511,CC(OCC[N+](C)(C)C)=O,0,,,,,,,
50754517,CC1(C(=O)NC(=O)O1)C,0,,,,,,,
50754530,CN(CCOC(c1ncccc1)c2ccc(Cl)cc2)C,0,,,,,,,
50754541,COc1c(OCC(CO)O)cccc1,0,,,,,,,
50754546,COc1c(OC)c(OC)cc(C(N2CCOCC2)=O)c1,0,,,,,,,
50754553,CC(NCC(COc1c(N2CCOCC2)nsn1)O)(C)C,0,,,,,,,
50754554,CNCC(c1cc(O)ccc1)O,0,,,,,,,
50754054,NS(c1sc(c2ccc(OC[C@@H](CCc3cnccc3)O)cc2)cc1)(=O)=O,0,,,,,,,
50754059,OC[C@@H]([C@H]([C@@H]([C@@H](CO)O)O[C@H]1[C@H](O)[C@@H](O)[C@@H](O)[C@@H](CO)O1)O)O,0,,,,,,,
50754065,CN(c1c(c2ncn1)ncn2C3C(O)C(N)C(CO)O3)C,0,,,,,,,
50754074,CC(Nc1ccc(CC(=O)O)cc1)=O,0,,,,,,,
50754077,CC(Nc1ccccc1)=O,0,,,,,,,
50754080,Oc1c(c2ccc1)nccc2,0,,,,,,,
50754083,C1CCn(c2CC1)nnn2,0,,,,,,,
50754088,C(c1ccccc1)C(NCC2)=N2,0,,,,,,,
50754102,CC(NCC(c1c(Cl)cccc1)O)(C)C,0,,,,,,,
50754115,C[C@H](CC(=O)O)COc1ccc(N2CCN(c3ccncc3)CC2)cc1,0,,,,,,,
50754122,Nc1oc(c2n1)ccc(Cl)c2,0,,,,,,,
50754124,CN([C@@H]1C[C@@H](OC([C@@H](c2ccccc2)CO)=O)C3)[C@@H]3[C@@H]([C@@H]14)O4,0,,,,,,,
50754125,CC([C@H](C(NCCC(=O)O)=O)O)(CO)C,0,,,,,,,
50754126,CC1(C(O)C(=O)OC1)C,0,,,,,,,
50754128,CC(NCC(COc1c(OCC=C)cccc1)O)C,0,,,,,,,
50754130,CNCC(c1ccc(O)cc1)O,0,,,,,,,
50739647,CN[C@@H]1[C@H](O[C@@H]2[C@](C=O)(O)[C@H](C)O[C@H]2O[C@H]3[C@H](N=C(N)N)[C@@H](O)[C@H](N=C(N)N)[C@@H](O)[C@@H]3O)O[C@@H](CO)[C@H](O)[C@H]1O,0,,,,,,,
50739371,CC([C@@H]1[C@](C)([C@H]2C[C@H]1C#N)CC[C@@H]([C@H]23)[C@](C)(C4=CC3)CCC(O)C4)=O,0,,,,,,,
50739526,CN\C(=N\CCSCc1c(C)[nH]cn1)\NC#N,0,,,,,,,
50739549,CN1[C@@H]([C@H]2[C@@](c(c34)c(c(O)cc3)O5)([C@@H]5[C@@H](O)C=C2)CC1)C4,0,,,,,,,
50739622,NC[C@H]1[C@@H](O)[C@H](O)[C@@H](N)[C@@H](O[C@H]2[C@@H](O)[C@H](O[C@H]3[C@H](O[C@@H]4[C@H](N)[C@@H](O)[C@H](O)[C@@H](CN)O4)[C@@H](N)C[C@@H](N)[C@@H]3O)O[C@@H]2CO)O1,0,,,,,,,
50739362,CCC(N(C1(CCN(CCN2C(=O)N(CC)N=N2)CC1)COC)c3ccccc3)=O,0,,,,,,,
50739574,CCC1(c2ccccc2)C(=O)NC(=O)NC1=O,0,,,,,,,
393772,CS(c1ccc(c2c(n3c(NCc4occc4)nc2)nnc3)cc1)(=O)=O,0,,,,,,,
50754099,Cc1oc(c2c1)c(C)c(c3c2)OC(=O)C=C3C,0,,,,,,,
50754058,OC(CCCCCCCNC(c1c(O)cccc1)=O)=O,0,,,,,,,
50753585,COc1ccc(CC(C(N[C@H]2[C@@H](O)C(n3c(c4nc3)ncnc4N(C)C)O[C@@H]2CO)=O)N)cc1,0,,,,,,,
50754157,NS(c1c(Oc2ccccc2)c(N3CCCC3)cc(C(=O)O)c1)(=O)=O,0,,,,,,,
50753721,CCN1C(=O)C(c2ccccc2)NC1=O,0,,,,,,,
50754114,Cc1c(CC(NCC2)=N2)c(C)cc(C(C)(C)C)c1,0,,,,,,,
50754474,CCCc1c2c(C(=O)C=C(C(=O)O)O2)cc(c13)c(Cl)cc(C(=O)O)n3,0,,,,,,,
50754146,NNCCc1ccccc1,0,,,,,,,
50753222,NS(c1cc(S(=O)(=O)N)c(Cl)c(Cl)c1)(=O)=O,0,,,,,,,
50754449,COC(N\N=C\c1[n+]([O-])c(c2[n+]([O-])c1)cccc2)=O,0,,,,,,,
50753969,NC(N1Cc(c2CC1)cccc2)=N,0,,,,,,,
50753299,OC(c1c(I)c(NC(CCCCC(Nc2c(I)c(C(=O)O)c(I)cc2I)=O)=O)c(I)cc1I)=O,0,,,,,,,
50753279,CC(NCC(c1cc(O)c(O)cc1)O)Cc2cc(c3cc2)OCO3,0,,,,,,,
50754320,CC[C@@H]1[C@](O)(C)[C@@H](O)[C@@H](C)C(=O)[C@H](C)C[C@](O)(C)[C@H](O[C@H]2[C@H](O)[C@@H](N(C)C)C[C@@H](C)O2)[C@H](C)[C@H](O[C@@H]3O[C@@H](C)[C@H](O)[C@@](OC)(C)C3)[C@@H](C)C(=O)O1,0,,,,,,,
